J-Date,Date,Weekday,Open,High,Low,Close,Final,Volume,Value,No,Ticker,Name,Market,Adj Open,Adj High,Adj Low,Adj Close,Adj Final
1403-01-05,2024-03-24,Sunday,9390,9670,9260,9660,9540,1729143,16489354000,516,قشیر,قند شیروان قوچان و بجنورد,فرابورس,9390,9670,9260,9660,9540
1403-01-06,2024-03-25,Monday,9660,9890,9480,9530,9640,2503024,24136754400,429,قشیر,قند شیروان قوچان و بجنورد,فرابورس,9660,9890,9480,9530,9640
1403-01-07,2024-03-26,Tuesday,9450,9750,9450,9670,9600,1041200,9994769300,338,قشیر,قند شیروان قوچان و بجنورد,فرابورس,9450,9750,9450,9670,9600
1403-01-08,2024-03-27,Wednesday,9530,9720,9430,9500,9530,2523117,24052031990,452,قشیر,قند شیروان قوچان و بجنورد,فرابورس,9530,9720,9430,9500,9530
1403-01-11,2024-03-30,Saturday,9650,9740,9530,9690,9670,1554485,15033894720,365,قشیر,قند شیروان قوچان و بجنورد,فرابورس,9650,9740,9530,9690,9670
1403-01-14,2024-04-02,Tuesday,9300,9400,9190,9190,9200,5886555,54171338740,922,قشیر,قند شیروان قوچان و بجنورد,فرابورس,9300,9400,9190,9190,9200
1403-01-15,2024-04-03,Wednesday,9260,9320,8940,9030,9060,2749511,24919808810,579,قشیر,قند شیروان قوچان و بجنورد,فرابورس,9260,9320,8940,9030,9060
1403-01-18,2024-04-06,Saturday,9050,9270,8610,8610,8800,9335404,82163308140,1093,قشیر,قند شیروان قوچان و بجنورد,فرابورس,9050,9270,8610,8610,8800
1403-01-19,2024-04-07,Sunday,8760,8880,8400,8640,8550,1860576,15907052560,440,قشیر,قند شیروان قوچان و بجنورد,فرابورس,8760,8880,8400,8640,8550
1403-01-20,2024-04-08,Monday,8730,8890,8510,8770,8720,1244313,10853834530,315,قشیر,قند شیروان قوچان و بجنورد,فرابورس,8730,8890,8510,8770,8720
1403-01-21,2024-04-09,Tuesday,8660,8860,8520,8780,8690,1592816,13846644500,364,قشیر,قند شیروان قوچان و بجنورد,فرابورس,8660,8860,8520,8780,8690
1403-01-25,2024-04-13,Saturday,8260,8270,8260,8260,8260,1094835,9043547100,118,قشیر,قند شیروان قوچان و بجنورد,فرابورس,8260,8270,8260,8260,8260
1403-01-26,2024-04-14,Sunday,8180,8180,8180,8180,8180,1140733,9331195940,58,قشیر,قند شیروان قوچان و بجنورد,فرابورس,8180,8180,8180,8180,8180
1403-01-27,2024-04-15,Monday,8100,8260,8100,8200,8200,2200882,18036620130,291,قشیر,قند شیروان قوچان و بجنورد,فرابورس,8100,8260,8100,8200,8200
1403-01-28,2024-04-16,Tuesday,8250,8250,8120,8120,8120,2432254,19756240820,240,قشیر,قند شیروان قوچان و بجنورد,فرابورس,8250,8250,8120,8120,8120
1403-01-29,2024-04-17,Wednesday,8200,8200,8060,8140,8110,301380,2445439200,104,قشیر,قند شیروان قوچان و بجنورد,فرابورس,8200,8200,8060,8140,8110
1403-02-01,2024-04-20,Saturday,8490,8510,8100,8460,8470,917095,7770923490,244,قشیر,قند شیروان قوچان و بجنورد,فرابورس,8490,8510,8100,8460,8470
1403-02-02,2024-04-21,Sunday,8600,8750,8550,8580,8640,1453766,12560148010,247,قشیر,قند شیروان قوچان و بجنورد,فرابورس,8600,8750,8550,8580,8640
1403-02-03,2024-04-22,Monday,8690,8930,8500,8920,8730,1988909,17361703110,307,قشیر,قند شیروان قوچان و بجنورد,فرابورس,8690,8930,8500,8920,8730
1403-02-04,2024-04-23,Tuesday,9040,9040,8790,8890,8900,1804423,16058199800,246,قشیر,قند شیروان قوچان و بجنورد,فرابورس,9040,9040,8790,8890,8900
1403-02-05,2024-04-24,Wednesday,8990,8990,8720,8890,8820,1493287,13164943380,259,قشیر,قند شیروان قوچان و بجنورد,فرابورس,8990,8990,8720,8890,8820
1403-02-08,2024-04-27,Saturday,9000,9000,8510,8600,8630,1420382,12255362700,314,قشیر,قند شیروان قوچان و بجنورد,فرابورس,9000,9000,8510,8600,8630
1403-02-09,2024-04-28,Sunday,8490,8510,8250,8420,8370,1282049,10726741690,242,قشیر,قند شیروان قوچان و بجنورد,فرابورس,8490,8510,8250,8420,8370
1403-02-10,2024-04-29,Monday,8640,8640,8180,8230,8290,1093031,9066030820,272,قشیر,قند شیروان قوچان و بجنورد,فرابورس,8640,8640,8180,8230,8290
1403-02-11,2024-04-30,Tuesday,8380,8380,7980,8150,8120,887088,7202702040,205,قشیر,قند شیروان قوچان و بجنورد,فرابورس,8380,8380,7980,8150,8120
1403-02-12,2024-05-01,Wednesday,8390,8390,8080,8190,8170,489639,3998177450,104,قشیر,قند شیروان قوچان و بجنورد,فرابورس,8390,8390,8080,8190,8170
1403-02-16,2024-05-05,Sunday,8150,8360,8070,8170,8170,708552,5787359340,207,قشیر,قند شیروان قوچان و بجنورد,فرابورس,8150,8360,8070,8170,8170
1403-02-17,2024-05-06,Monday,8240,8240,8020,8090,8060,579548,4669797830,172,قشیر,قند شیروان قوچان و بجنورد,فرابورس,8240,8240,8020,8090,8060
1403-02-18,2024-05-07,Tuesday,8090,8150,7950,8040,8070,1137068,9179762180,175,قشیر,قند شیروان قوچان و بجنورد,فرابورس,8090,8150,7950,8040,8070
1403-02-19,2024-05-08,Wednesday,8160,8170,7960,8020,8060,1999671,16123921560,216,قشیر,قند شیروان قوچان و بجنورد,فرابورس,8160,8170,7960,8020,8060
1403-02-22,2024-05-11,Saturday,8060,8170,7930,8020,8020,995054,7981703410,196,قشیر,قند شیروان قوچان و بجنورد,فرابورس,8060,8170,7930,8020,8020
1403-02-23,2024-05-12,Sunday,8000,8140,7850,7880,7930,861689,6837193050,190,قشیر,قند شیروان قوچان و بجنورد,فرابورس,8000,8140,7850,7880,7930
1403-02-24,2024-05-13,Monday,8100,8100,7540,7560,7720,1480468,11428949030,333,قشیر,قند شیروان قوچان و بجنورد,فرابورس,8100,8100,7540,7560,7720
1403-02-25,2024-05-14,Tuesday,7750,8000,7400,7740,7660,1761626,13486347690,294,قشیر,قند شیروان قوچان و بجنورد,فرابورس,7750,8000,7400,7740,7660
1403-02-26,2024-05-15,Wednesday,7970,7970,7490,7830,7660,1242853,9520902680,259,قشیر,قند شیروان قوچان و بجنورد,فرابورس,7970,7970,7490,7830,7660
1403-02-29,2024-05-18,Saturday,7890,7890,7510,7570,7660,1649960,12636268320,218,قشیر,قند شیروان قوچان و بجنورد,فرابورس,7890,7890,7510,7570,7660
1403-02-30,2024-05-19,Sunday,7510,7990,7410,7500,7750,1719373,13324179100,283,قشیر,قند شیروان قوچان و بجنورد,فرابورس,7510,7990,7410,7500,7750
1403-03-01,2024-05-21,Tuesday,7600,7900,7600,7780,7710,1237172,9540888210,201,قشیر,قند شیروان قوچان و بجنورد,فرابورس,7600,7900,7600,7780,7710
1403-03-05,2024-05-25,Saturday,7850,7850,7560,7560,7570,1218809,9228156570,184,قشیر,قند شیروان قوچان و بجنورد,فرابورس,7850,7850,7560,7560,7570
1403-03-06,2024-05-26,Sunday,7420,7670,7420,7420,7420,667752,4955157650,97,قشیر,قند شیروان قوچان و بجنورد,فرابورس,7420,7670,7420,7420,7420
1403-03-07,2024-05-27,Monday,7280,7280,7280,7280,7280,248009,1805505520,45,قشیر,قند شیروان قوچان و بجنورد,فرابورس,7280,7280,7280,7280,7280
1403-03-08,2024-05-28,Tuesday,7150,7410,7140,7270,7230,1450356,10479589060,204,قشیر,قند شیروان قوچان و بجنورد,فرابورس,7150,7410,7140,7270,7230
1403-03-09,2024-05-29,Wednesday,7370,7370,7230,7370,7350,748182,5497467810,77,قشیر,قند شیروان قوچان و بجنورد,فرابورس,7370,7370,7230,7370,7350
1403-03-12,2024-06-01,Saturday,7310,7390,7210,7210,7210,1394038,10057471190,157,قشیر,قند شیروان قوچان و بجنورد,فرابورس,7310,7390,7210,7210,7210
1403-03-13,2024-06-02,Sunday,7180,7180,7070,7070,7080,1078387,7631104620,141,قشیر,قند شیروان قوچان و بجنورد,فرابورس,7180,7180,7070,7070,7080
1403-03-16,2024-06-05,Wednesday,7180,7180,6940,6940,6960,1587440,11048251780,187,قشیر,قند شیروان قوچان و بجنورد,فرابورس,7180,7180,6940,6940,6960
1403-03-19,2024-06-08,Saturday,7070,7070,6830,6830,6830,743167,5077272620,90,قشیر,قند شیروان قوچان و بجنورد,فرابورس,7070,7070,6830,6830,6830
1403-03-20,2024-06-09,Sunday,6700,6880,6700,6800,6720,2414151,16221967530,340,قشیر,قند شیروان قوچان و بجنورد,فرابورس,6700,6880,6700,6800,6720
1403-03-21,2024-06-10,Monday,6840,6850,6770,6850,6850,912230,6245054340,126,قشیر,قند شیروان قوچان و بجنورد,فرابورس,6840,6850,6770,6850,6850
1403-03-22,2024-06-11,Tuesday,6980,6980,6720,6870,6840,354374,2423565320,97,قشیر,قند شیروان قوچان و بجنورد,فرابورس,6980,6980,6720,6870,6840
1403-03-23,2024-06-12,Wednesday,6720,6730,6710,6710,6710,668688,4488008350,70,قشیر,قند شیروان قوچان و بجنورد,فرابورس,6720,6730,6710,6710,6710
1403-03-26,2024-06-15,Saturday,6700,6700,6580,6580,6590,80742,531726870,34,قشیر,قند شیروان قوچان و بجنورد,فرابورس,6700,6700,6580,6580,6590
1403-03-27,2024-06-16,Sunday,6460,6460,6460,6460,6460,192754,1245190840,37,قشیر,قند شیروان قوچان و بجنورد,فرابورس,6460,6460,6460,6460,6460
1403-03-29,2024-06-18,Tuesday,6340,6340,6340,6340,6340,526207,3336152380,87,قشیر,قند شیروان قوچان و بجنورد,فرابورس,6340,6340,6340,6340,6340
1403-03-30,2024-06-19,Wednesday,6220,6340,6220,6290,6240,2522640,15745612110,615,قشیر,قند شیروان قوچان و بجنورد,فرابورس,6220,6340,6220,6290,6240
1403-04-02,2024-06-22,Saturday,6170,6360,6160,6240,6320,1517275,9595514640,191,قشیر,قند شیروان قوچان و بجنورد,فرابورس,6170,6360,6160,6240,6320
1403-04-03,2024-06-23,Sunday,6200,6370,6200,6290,6240,640417,3998031200,163,قشیر,قند شیروان قوچان و بجنورد,فرابورس,6200,6370,6200,6290,6240
1403-04-04,2024-06-24,Monday,6250,6360,6250,6360,6360,1366121,8686101160,173,قشیر,قند شیروان قوچان و بجنورد,فرابورس,6250,6360,6250,6360,6360
1403-04-06,2024-06-26,Wednesday,6470,6480,6470,6480,6480,114749,743473520,26,قشیر,قند شیروان قوچان و بجنورد,فرابورس,6470,6480,6470,6480,6480
1403-04-09,2024-06-29,Saturday,6790,6860,6700,6820,6830,1399602,9555804690,192,قشیر,قند شیروان قوچان و بجنورد,فرابورس,6790,6860,6700,6820,6830
1403-04-10,2024-06-30,Sunday,6820,6820,6430,6430,6450,1564289,10096321120,182,قشیر,قند شیروان قوچان و بجنورد,فرابورس,6820,6820,6430,6430,6450
1403-04-11,2024-07-01,Monday,6100,6500,6100,6460,6320,468868,2964937740,140,قشیر,قند شیروان قوچان و بجنورد,فرابورس,6100,6500,6100,6460,6320
1403-04-12,2024-07-02,Tuesday,6650,6690,6480,6690,6630,396353,2626759900,132,قشیر,قند شیروان قوچان و بجنورد,فرابورس,6650,6690,6480,6690,6630
1403-04-13,2024-07-03,Wednesday,6690,6950,6620,6860,6830,770092,5256388240,165,قشیر,قند شیروان قوچان و بجنورد,فرابورس,6690,6950,6620,6860,6830
1403-04-16,2024-07-06,Saturday,7230,7230,7230,7230,7230,304159,2199069570,50,قشیر,قند شیروان قوچان و بجنورد,فرابورس,7230,7230,7230,7230,7230
1403-04-17,2024-07-07,Sunday,7600,7600,7110,7470,7460,1385870,10338616420,184,قشیر,قند شیروان قوچان و بجنورد,فرابورس,7600,7600,7110,7470,7460
1403-04-18,2024-07-08,Monday,7650,7690,7220,7400,7500,1801140,13517279920,255,قشیر,قند شیروان قوچان و بجنورد,فرابورس,7650,7690,7220,7400,7500
1403-04-19,2024-07-09,Tuesday,7510,7630,7400,7420,7520,1086884,8175613580,260,قشیر,قند شیروان قوچان و بجنورد,فرابورس,7510,7630,7400,7420,7520
1403-04-20,2024-07-10,Wednesday,7530,7530,7170,7300,7290,902262,6577530550,151,قشیر,قند شیروان قوچان و بجنورد,فرابورس,7530,7530,7170,7300,7290
1403-04-23,2024-07-13,Saturday,7260,7400,7160,7170,7270,395646,2875190550,115,قشیر,قند شیروان قوچان و بجنورد,فرابورس,7260,7400,7160,7170,7270
1403-04-24,2024-07-14,Sunday,7220,7700,7220,7700,7670,3291318,25258998950,317,قشیر,قند شیروان قوچان و بجنورد,فرابورس,7220,7700,7220,7700,7670
1403-04-27,2024-07-17,Wednesday,7800,8130,7670,8130,8070,5083113,40998855180,524,قشیر,قند شیروان قوچان و بجنورد,فرابورس,7800,8130,7670,8130,8070
1403-05-01,2024-07-22,Monday,8210,8210,7800,7990,8060,1649808,13303101840,152,قشیر,قند شیروان قوچان و بجنورد,فرابورس,8210,8210,7800,7990,8060
1403-05-02,2024-07-23,Tuesday,8030,8540,7970,8540,8330,3305793,27547120470,531,قشیر,قند شیروان قوچان و بجنورد,فرابورس,8030,8540,7970,8540,8330
1403-05-03,2024-07-24,Wednesday,8750,8820,8310,8500,8700,5492060,47768006160,745,قشیر,قند شیروان قوچان و بجنورد,فرابورس,8750,8820,8310,8500,8700
1403-05-06,2024-07-27,Saturday,8450,8650,8180,8280,8250,2069184,17066316010,392,قشیر,قند شیروان قوچان و بجنورد,فرابورس,8450,8650,8180,8280,8250
1403-05-08,2024-07-29,Monday,8400,8470,7770,8000,8010,1608694,12888344650,391,قشیر,قند شیروان قوچان و بجنورد,فرابورس,8400,8470,7770,8000,8010
1403-05-09,2024-07-30,Tuesday,8370,8370,7800,8170,8050,989290,7959935130,172,قشیر,قند شیروان قوچان و بجنورد,فرابورس,8370,8370,7800,8170,8050
1403-05-10,2024-07-31,Wednesday,7570,7570,7570,7570,7570,722912,5472443840,75,قشیر,قند شیروان قوچان و بجنورد,فرابورس,7570,7570,7570,7570,7570
1403-05-13,2024-08-03,Saturday,7120,7120,7120,7120,7120,147493,1050150160,29,قشیر,قند شیروان قوچان و بجنورد,فرابورس,7120,7120,7120,7120,7120
1403-05-14,2024-08-04,Sunday,7050,7050,7050,7050,7050,133266,939525300,25,قشیر,قند شیروان قوچان و بجنورد,فرابورس,7050,7050,7050,7050,7050
1403-05-15,2024-08-05,Monday,6980,6980,6980,6980,7040,297142,2074051160,53,قشیر,قند شیروان قوچان و بجنورد,فرابورس,6980,6980,6980,6980,7040
1403-05-16,2024-08-06,Tuesday,6970,6970,6970,6970,7030,270017,1882018490,43,قشیر,قند شیروان قوچان و بجنورد,فرابورس,6970,6970,6970,6970,7030
1403-05-20,2024-08-10,Saturday,6960,7080,6960,6960,6960,2510590,17480148820,121,قشیر,قند شیروان قوچان و بجنورد,فرابورس,6960,7080,6960,6960,6960
1403-05-21,2024-08-11,Sunday,6900,7000,6900,6900,6920,1617245,11169524350,217,قشیر,قند شیروان قوچان و بجنورد,فرابورس,6900,7000,6900,6900,6920
1403-05-22,2024-08-12,Monday,6870,6870,6860,6860,6910,403400,2767379300,51,قشیر,قند شیروان قوچان و بجنورد,فرابورس,6870,6870,6860,6860,6910
1403-05-23,2024-08-13,Tuesday,6850,6850,6850,6850,6910,67218,460443300,12,قشیر,قند شیروان قوچان و بجنورد,فرابورس,6850,6850,6850,6850,6910
1403-05-24,2024-08-14,Wednesday,6850,6940,6850,6850,6870,1874053,12854084370,207,قشیر,قند شیروان قوچان و بجنورد,فرابورس,6850,6940,6850,6850,6870
1403-05-27,2024-08-17,Saturday,6760,6990,6760,6870,6890,1122450,7762195420,200,قشیر,قند شیروان قوچان و بجنورد,فرابورس,6760,6990,6760,6870,6890
1403-05-28,2024-08-18,Sunday,6800,6990,6800,6980,6900,549486,3810343000,168,قشیر,قند شیروان قوچان و بجنورد,فرابورس,6800,6990,6800,6980,6900
1403-05-29,2024-08-19,Monday,6900,6980,6770,6800,6890,601588,4124571740,80,قشیر,قند شیروان قوچان و بجنورد,فرابورس,6900,6980,6770,6800,6890
1403-05-30,2024-08-20,Tuesday,6760,6840,6760,6760,6850,693805,4700832550,88,قشیر,قند شیروان قوچان و بجنورد,فرابورس,6760,6840,6760,6760,6850
1403-05-31,2024-08-21,Wednesday,6760,6820,6720,6750,6820,747298,5048940920,149,قشیر,قند شیروان قوچان و بجنورد,فرابورس,6760,6820,6720,6750,6820
1403-06-03,2024-08-24,Saturday,6690,6890,6690,6710,6760,1535983,10336630110,207,قشیر,قند شیروان قوچان و بجنورد,فرابورس,6690,6890,6690,6710,6760
1403-06-05,2024-08-26,Monday,6800,6800,6630,6630,6630,2817318,18686181070,247,قشیر,قند شیروان قوچان و بجنورد,فرابورس,6800,6800,6630,6630,6630
1403-06-06,2024-08-27,Tuesday,6600,6760,6600,6760,6680,1320377,8862626580,172,قشیر,قند شیروان قوچان و بجنورد,فرابورس,6600,6760,6600,6760,6680
1403-06-07,2024-08-28,Wednesday,6780,6810,6780,6810,6770,1446715,9851125870,85,قشیر,قند شیروان قوچان و بجنورد,فرابورس,6780,6810,6780,6810,6770
1403-06-10,2024-08-31,Saturday,6900,6900,6900,6900,6820,851928,5878303200,70,قشیر,قند شیروان قوچان و بجنورد,فرابورس,6900,6900,6900,6900,6820
1403-06-11,2024-09-01,Sunday,6950,6950,6900,6950,6870,941806,6543192910,96,قشیر,قند شیروان قوچان و بجنورد,فرابورس,6950,6950,6900,6950,6870
1403-06-13,2024-09-03,Tuesday,7000,7000,6990,7000,6950,1335938,9351556000,147,قشیر,قند شیروان قوچان و بجنورد,فرابورس,7000,7000,6990,7000,6950
1403-06-20,2024-09-10,Tuesday,7150,7150,7150,7150,7000,547520,3914768000,56,قشیر,قند شیروان قوچان و بجنورد,فرابورس,7150,7150,7150,7150,7000
1403-06-21,2024-09-11,Wednesday,7210,7210,7210,7210,7060,655059,4722975390,140,قشیر,قند شیروان قوچان و بجنورد,فرابورس,7210,7210,7210,7210,7060
1403-06-24,2024-09-14,Saturday,7270,7270,7270,7270,7180,1208294,8784297380,103,قشیر,قند شیروان قوچان و بجنورد,فرابورس,7270,7270,7270,7270,7180
1403-06-25,2024-09-15,Sunday,7390,7390,7290,7390,7390,2274690,16805290240,184,قشیر,قند شیروان قوچان و بجنورد,فرابورس,7390,7390,7290,7390,7390
1403-06-26,2024-09-16,Monday,7550,7600,7310,7390,7420,1003512,7475249390,188,قشیر,قند شیروان قوچان و بجنورد,فرابورس,7550,7600,7310,7390,7420
1403-06-27,2024-09-17,Tuesday,7590,7640,7580,7640,7590,1758714,13415910160,173,قشیر,قند شیروان قوچان و بجنورد,فرابورس,7590,7640,7580,7640,7590
1403-06-28,2024-09-18,Wednesday,7700,7810,7410,7810,7680,1136455,8816485530,188,قشیر,قند شیروان قوچان و بجنورد,فرابورس,7700,7810,7410,7810,7680
1403-07-01,2024-09-22,Sunday,7750,7910,7590,7790,7800,1681679,13157745770,199,قشیر,قند شیروان قوچان و بجنورد,فرابورس,7750,7910,7590,7790,7800
1403-07-02,2024-09-23,Monday,7950,8030,7670,7920,7880,1284169,10174012370,212,قشیر,قند شیروان قوچان و بجنورد,فرابورس,7950,8030,7670,7920,7880
1403-07-03,2024-09-24,Tuesday,8050,8050,7660,7860,7880,1470754,11597806210,257,قشیر,قند شیروان قوچان و بجنورد,فرابورس,8050,8050,7660,7860,7880
1403-07-04,2024-09-25,Wednesday,7820,7820,7650,7650,7680,5742071,44076869610,385,قشیر,قند شیروان قوچان و بجنورد,فرابورس,7820,7820,7650,7650,7680
1403-07-07,2024-09-28,Saturday,7610,7730,7610,7610,7620,2361436,17989259250,293,قشیر,قند شیروان قوچان و بجنورد,فرابورس,7610,7730,7610,7610,7620
1403-07-08,2024-09-29,Sunday,7560,7690,7550,7690,7660,1543827,11849128580,175,قشیر,قند شیروان قوچان و بجنورد,فرابورس,7560,7690,7550,7690,7660
1403-07-09,2024-09-30,Monday,7620,7730,7590,7610,7640,1417076,10811331590,267,قشیر,قند شیروان قوچان و بجنورد,فرابورس,7620,7730,7590,7610,7640
1403-07-10,2024-10-01,Tuesday,7580,7630,7570,7570,7590,1389085,10519184770,161,قشیر,قند شیروان قوچان و بجنورد,فرابورس,7580,7630,7570,7570,7590
1403-07-11,2024-10-02,Wednesday,7520,7530,7520,7530,7560,927114,6972576270,113,قشیر,قند شیروان قوچان و بجنورد,فرابورس,7520,7530,7520,7530,7560
1403-07-14,2024-10-05,Saturday,7530,7540,7490,7500,7550,416268,3122480950,81,قشیر,قند شیروان قوچان و بجنورد,فرابورس,7530,7540,7490,7500,7550
1403-07-15,2024-10-06,Sunday,7480,7480,7480,7480,7520,875032,6545239360,79,قشیر,قند شیروان قوچان و بجنورد,فرابورس,7480,7480,7480,7480,7520
1403-07-16,2024-10-07,Monday,7450,7560,7450,7450,7490,960459,7158105600,134,قشیر,قند شیروان قوچان و بجنورد,فرابورس,7450,7560,7450,7450,7490
1403-07-17,2024-10-08,Tuesday,7420,7560,7420,7500,7470,1182855,8816402610,216,قشیر,قند شیروان قوچان و بجنورد,فرابورس,7420,7560,7420,7500,7470
1403-07-18,2024-10-09,Wednesday,7540,7540,7400,7460,7460,518516,3855297330,98,قشیر,قند شیروان قوچان و بجنورد,فرابورس,7540,7540,7400,7460,7460
1403-07-21,2024-10-12,Saturday,7580,7670,7510,7640,7510,589508,4497853730,108,قشیر,قند شیروان قوچان و بجنورد,فرابورس,7580,7670,7510,7640,7510
1403-07-22,2024-10-13,Sunday,7480,7700,7400,7630,7530,575790,4358450020,152,قشیر,قند شیروان قوچان و بجنورد,فرابورس,7480,7700,7400,7630,7530
1403-07-23,2024-10-14,Monday,7600,7730,7310,7310,7410,1373715,10110762700,184,قشیر,قند شیروان قوچان و بجنورد,فرابورس,7600,7730,7310,7310,7410
1403-07-24,2024-10-15,Tuesday,7200,7390,7190,7190,7350,582246,4200297380,137,قشیر,قند شیروان قوچان و بجنورد,فرابورس,7200,7390,7190,7190,7350
1403-07-25,2024-10-16,Wednesday,7140,7570,7140,7340,7360,385759,2846648920,131,قشیر,قند شیروان قوچان و بجنورد,فرابورس,7140,7570,7140,7340,7360
1403-07-28,2024-10-19,Saturday,7200,7410,7140,7140,7220,1411343,10105319160,171,قشیر,قند شیروان قوچان و بجنورد,فرابورس,7200,7410,7140,7140,7220
1403-07-29,2024-10-20,Sunday,7110,7110,7010,7010,7180,348008,2440739530,80,قشیر,قند شیروان قوچان و بجنورد,فرابورس,7110,7110,7010,7010,7180
1403-07-30,2024-10-21,Monday,7000,7110,6970,6970,7050,1383116,9670951790,209,قشیر,قند شیروان قوچان و بجنورد,فرابورس,7000,7110,6970,6970,7050
1403-08-01,2024-10-22,Tuesday,6970,6970,6840,6840,6960,892378,6110765720,87,قشیر,قند شیروان قوچان و بجنورد,فرابورس,6970,6970,6840,6840,6960
1403-08-02,2024-10-23,Wednesday,7120,7120,6760,6760,6830,1403324,9502457350,163,قشیر,قند شیروان قوچان و بجنورد,فرابورس,7120,7120,6760,6760,6830
1403-08-05,2024-10-26,Saturday,7020,7030,6950,7030,6910,927406,6519254180,72,قشیر,قند شیروان قوچان و بجنورد,فرابورس,7020,7030,6950,7030,6910
1403-08-06,2024-10-27,Sunday,7110,7110,7110,7110,7070,1747841,12427149510,103,قشیر,قند شیروان قوچان و بجنورد,فرابورس,7110,7110,7110,7110,7070
1403-08-07,2024-10-28,Monday,7260,7270,6940,7180,7110,1456017,10379275970,203,قشیر,قند شیروان قوچان و بجنورد,فرابورس,7260,7270,6940,7180,7110
1403-08-08,2024-10-29,Tuesday,6900,7080,6900,6900,7030,1070933,7434065690,112,قشیر,قند شیروان قوچان و بجنورد,فرابورس,6900,7080,6900,6900,7030
1403-08-09,2024-10-30,Wednesday,6820,7110,6820,7110,6970,1255121,8698017120,204,قشیر,قند شیروان قوچان و بجنورد,فرابورس,6820,7110,6820,7110,6970
1403-08-12,2024-11-02,Saturday,6840,7160,6830,6860,7000,1186559,8326044470,162,قشیر,قند شیروان قوچان و بجنورد,فرابورس,6840,7160,6830,6860,7000
1403-08-13,2024-11-03,Sunday,6840,6840,6790,6790,6890,1081615,7344742840,131,قشیر,قند شیروان قوچان و بجنورد,فرابورس,6840,6840,6790,6790,6890
1403-08-14,2024-11-04,Monday,6690,6990,6690,6740,6700,2960020,19823303070,232,قشیر,قند شیروان قوچان و بجنورد,فرابورس,6690,6990,6690,6740,6700
1403-08-15,2024-11-05,Tuesday,6700,6800,6530,6610,6670,639489,4228789200,119,قشیر,قند شیروان قوچان و بجنورد,فرابورس,6700,6800,6530,6610,6670
1403-08-16,2024-11-06,Wednesday,6870,6870,6650,6870,6790,1408927,9653502600,120,قشیر,قند شیروان قوچان و بجنورد,فرابورس,6870,6870,6650,6870,6790
1403-08-19,2024-11-09,Saturday,6990,6990,6990,6990,6870,829208,5796163920,62,قشیر,قند شیروان قوچان و بجنورد,فرابورس,6990,6990,6990,6990,6870
1403-08-20,2024-11-10,Sunday,7070,7070,7070,7070,6950,919246,6499069220,58,قشیر,قند شیروان قوچان و بجنورد,فرابورس,7070,7070,7070,7070,6950
1403-08-21,2024-11-11,Monday,7150,7150,7110,7150,7140,2066423,14774805490,150,قشیر,قند شیروان قوچان و بجنورد,فرابورس,7150,7150,7110,7150,7140
1403-08-22,2024-11-12,Tuesday,7300,7330,7000,7070,7160,1970825,14116042790,220,قشیر,قند شیروان قوچان و بجنورد,فرابورس,7300,7330,7000,7070,7160
1403-08-23,2024-11-13,Wednesday,7020,7370,7020,7370,7260,1569399,11467356760,184,قشیر,قند شیروان قوچان و بجنورد,فرابورس,7020,7370,7020,7370,7260
1403-08-26,2024-11-16,Saturday,7460,7470,7460,7470,7420,1559161,11646712670,132,قشیر,قند شیروان قوچان و بجنورد,فرابورس,7460,7470,7460,7470,7420
1403-08-27,2024-11-17,Sunday,7440,7630,7390,7570,7470,2078906,15520370180,240,قشیر,قند شیروان قوچان و بجنورد,فرابورس,7440,7630,7390,7570,7470
1403-08-28,2024-11-18,Monday,7580,7690,7520,7690,7650,2256058,17267544310,145,قشیر,قند شیروان قوچان و بجنورد,فرابورس,7580,7690,7520,7690,7650
1403-08-29,2024-11-19,Tuesday,7870,7870,7530,7680,7760,2352965,18257975560,296,قشیر,قند شیروان قوچان و بجنورد,فرابورس,7870,7870,7530,7680,7760
1403-08-30,2024-11-20,Wednesday,7700,7700,7530,7530,7580,2651945,20096208890,255,قشیر,قند شیروان قوچان و بجنورد,فرابورس,7700,7700,7530,7530,7580
1403-09-03,2024-11-23,Saturday,7600,7800,7550,7800,7770,4019929,31219373580,254,قشیر,قند شیروان قوچان و بجنورد,فرابورس,7600,7800,7550,7800,7770
1403-09-04,2024-11-24,Sunday,8000,8000,8000,8000,7970,1736527,13892216000,130,قشیر,قند شیروان قوچان و بجنورد,فرابورس,8000,8000,8000,8000,7970
1403-09-05,2024-11-25,Monday,8200,8200,8200,8200,8060,787680,6458976000,47,قشیر,قند شیروان قوچان و بجنورد,فرابورس,8200,8200,8200,8200,8060
1403-09-06,2024-11-26,Tuesday,8300,8300,8080,8300,8290,5555916,46056376840,364,قشیر,قند شیروان قوچان و بجنورد,فرابورس,8300,8300,8080,8300,8290
1403-09-07,2024-11-27,Wednesday,8530,8530,8510,8530,8530,3103486,26470308220,238,قشیر,قند شیروان قوچان و بجنورد,فرابورس,8530,8530,8510,8530,8530
1403-09-10,2024-11-30,Saturday,8780,8780,8280,8380,8500,6222689,52903252280,614,قشیر,قند شیروان قوچان و بجنورد,فرابورس,8780,8780,8280,8380,8500
1403-09-11,2024-12-01,Sunday,8300,8600,8250,8330,8380,2838598,23795931800,319,قشیر,قند شیروان قوچان و بجنورد,فرابورس,8300,8600,8250,8330,8380
1403-09-12,2024-12-02,Monday,8250,8630,8250,8630,8620,4802996,41425066170,335,قشیر,قند شیروان قوچان و بجنورد,فرابورس,8250,8630,8250,8630,8620
1403-09-13,2024-12-03,Tuesday,8630,8870,8440,8640,8690,4364471,37931719970,456,قشیر,قند شیروان قوچان و بجنورد,فرابورس,8630,8870,8440,8640,8690
1403-09-14,2024-12-04,Wednesday,8750,8950,8510,8950,8870,4756284,42190139580,405,قشیر,قند شیروان قوچان و بجنورد,فرابورس,8750,8950,8510,8950,8870
1403-09-17,2024-12-07,Saturday,9020,9020,8610,8610,8620,4276775,36887130680,437,قشیر,قند شیروان قوچان و بجنورد,فرابورس,9020,9020,8610,8610,8620
1403-09-18,2024-12-08,Sunday,8580,8820,8410,8800,8630,1954489,16867406770,336,قشیر,قند شیروان قوچان و بجنورد,فرابورس,8580,8820,8410,8800,8630
1403-09-19,2024-12-09,Monday,8700,8880,8700,8880,8870,2789947,24752303240,254,قشیر,قند شیروان قوچان و بجنورد,فرابورس,8700,8880,8700,8880,8870
1403-09-20,2024-12-10,Tuesday,9090,9120,8630,8800,8930,3569229,31862374090,342,قشیر,قند شیروان قوچان و بجنورد,فرابورس,9090,9120,8630,8800,8930
1403-09-21,2024-12-11,Wednesday,9090,9190,8740,9190,9150,4545139,41574385730,290,قشیر,قند شیروان قوچان و بجنورد,فرابورس,9090,9190,8740,9190,9150
1403-09-24,2024-12-14,Saturday,9400,9420,9400,9420,9420,1870579,17619774620,196,قشیر,قند شیروان قوچان و بجنورد,فرابورس,9400,9420,9400,9420,9420
1403-09-25,2024-12-15,Sunday,9700,9700,9390,9690,9670,3970774,38378828770,406,قشیر,قند شیروان قوچان و بجنورد,فرابورس,9700,9700,9390,9690,9670
1403-09-26,2024-12-16,Monday,9900,9940,9380,9380,9580,5579367,53460508820,562,قشیر,قند شیروان قوچان و بجنورد,فرابورس,9900,9940,9380,9380,9580
1403-09-27,2024-12-17,Tuesday,9700,9700,9300,9300,9330,1852924,17291656080,260,قشیر,قند شیروان قوچان و بجنورد,فرابورس,9700,9700,9300,9300,9330
1403-09-28,2024-12-18,Wednesday,9060,9230,9060,9060,9070,1688440,15314827220,170,قشیر,قند شیروان قوچان و بجنورد,فرابورس,9060,9230,9060,9060,9070
1403-10-01,2024-12-21,Saturday,9000,9340,9000,9190,9280,3129076,29024990710,408,قشیر,قند شیروان قوچان و بجنورد,فرابورس,9000,9340,9000,9190,9280
1403-10-02,2024-12-22,Sunday,9400,9400,9010,9010,9020,1773814,16001667340,271,قشیر,قند شیروان قوچان و بجنورد,فرابورس,9400,9400,9010,9010,9020
1403-10-03,2024-12-23,Monday,8850,9000,8750,8770,8790,5131710,45127456840,510,قشیر,قند شیروان قوچان و بجنورد,فرابورس,8850,9000,8750,8770,8790
1403-10-04,2024-12-24,Tuesday,8620,9030,8620,8840,8850,2454746,21720728570,294,قشیر,قند شیروان قوچان و بجنورد,فرابورس,8620,9030,8620,8840,8850
1403-10-05,2024-12-25,Wednesday,8980,9100,8640,9070,8860,2771581,24563471250,339,قشیر,قند شیروان قوچان و بجنورد,فرابورس,8980,9100,8640,9070,8860
1403-10-08,2024-12-28,Saturday,8780,9100,8780,8830,8950,1674745,14993725010,280,قشیر,قند شیروان قوچان و بجنورد,فرابورس,8780,9100,8780,8830,8950
1403-10-09,2024-12-29,Sunday,8900,9060,8690,8690,8720,3215671,28051250620,313,قشیر,قند شیروان قوچان و بجنورد,فرابورس,8900,9060,8690,8690,8720
1403-10-10,2024-12-30,Monday,8500,8890,8460,8700,8670,2938459,25484325580,379,قشیر,قند شیروان قوچان و بجنورد,فرابورس,8500,8890,8460,8700,8670
1403-10-11,2024-12-31,Tuesday,8690,8910,8570,8680,8710,1224802,10682925530,219,قشیر,قند شیروان قوچان و بجنورد,فرابورس,8690,8910,8570,8680,8710
1403-10-12,2025-01-01,Wednesday,8480,8830,8480,8780,8710,1884803,16424744160,433,قشیر,قند شیروان قوچان و بجنورد,فرابورس,8480,8830,8480,8780,8710
1403-10-15,2025-01-04,Saturday,8700,8970,8700,8970,8930,2176137,19438123440,259,قشیر,قند شیروان قوچان و بجنورد,فرابورس,8700,8970,8700,8970,8930
1403-10-16,2025-01-05,Sunday,9170,9170,8710,8900,8880,3243097,28789920700,412,قشیر,قند شیروان قوچان و بجنورد,فرابورس,9170,9170,8710,8900,8880
1403-10-17,2025-01-06,Monday,8820,9140,8810,9140,9120,6308385,57563496320,468,قشیر,قند شیروان قوچان و بجنورد,فرابورس,8820,9140,8810,9140,9120
1403-10-18,2025-01-07,Tuesday,9390,9390,9310,9390,9390,2172445,20396881900,144,قشیر,قند شیروان قوچان و بجنورد,فرابورس,9390,9390,9310,9390,9390
1403-10-19,2025-01-08,Wednesday,9670,9670,9460,9670,9640,8729066,84125449840,618,قشیر,قند شیروان قوچان و بجنورد,فرابورس,9670,9670,9460,9670,9640
1403-10-22,2025-01-11,Saturday,9870,9870,9360,9360,9570,5723764,54790207520,688,قشیر,قند شیروان قوچان و بجنورد,فرابورس,9870,9870,9360,9360,9570
1403-10-23,2025-01-12,Sunday,9290,9490,9290,9290,9300,2299613,21375360450,386,قشیر,قند شیروان قوچان و بجنورد,فرابورس,9290,9490,9290,9290,9300
1403-10-24,2025-01-13,Monday,9100,9370,9030,9180,9160,2112585,19353161090,393,قشیر,قند شیروان قوچان و بجنورد,فرابورس,9100,9370,9030,9180,9160
1403-10-26,2025-01-15,Wednesday,9010,9360,8890,8890,9020,2307184,20806226280,380,قشیر,قند شیروان قوچان و بجنورد,فرابورس,9010,9360,8890,8890,9020
1403-10-29,2025-01-18,Saturday,9020,9020,8750,8750,8780,2444109,21450780270,311,قشیر,قند شیروان قوچان و بجنورد,فرابورس,9020,9020,8750,8750,8780
1403-10-30,2025-01-19,Sunday,8550,9040,8550,8930,8950,2425566,21706698030,312,قشیر,قند شیروان قوچان و بجنورد,فرابورس,8550,9040,8550,8930,8950
1403-11-01,2025-01-20,Monday,8880,9210,8690,8900,9010,3388479,30543905280,424,قشیر,قند شیروان قوچان و بجنورد,فرابورس,8880,9210,8690,8900,9010
1403-11-02,2025-01-21,Tuesday,9280,9280,9190,9280,9280,3217701,29854210370,367,قشیر,قند شیروان قوچان و بجنورد,فرابورس,9280,9280,9190,9280,9280
1403-11-03,2025-01-22,Wednesday,9290,9550,9280,9530,9440,2413326,22785634970,356,قشیر,قند شیروان قوچان و بجنورد,فرابورس,9290,9550,9280,9530,9440
1403-11-06,2025-01-25,Saturday,9530,9640,9160,9250,9250,2957201,27365121920,426,قشیر,قند شیروان قوچان و بجنورد,فرابورس,9530,9640,9160,9250,9250
1403-11-07,2025-01-26,Sunday,9250,9280,8990,9120,9120,1587568,14479948760,329,قشیر,قند شیروان قوچان و بجنورد,فرابورس,9250,9280,8990,9120,9120
1403-11-08,2025-01-27,Monday,8980,9200,8850,9050,9050,1366132,12349193020,246,قشیر,قند شیروان قوچان و بجنورد,فرابورس,8980,9200,8850,9050,9050
1403-11-10,2025-01-29,Wednesday,9270,9300,9030,9180,9200,1429999,13178063610,243,قشیر,قند شیروان قوچان و بجنورد,فرابورس,9270,9300,9030,9180,9200
1403-11-13,2025-02-01,Saturday,9180,9180,8930,9070,9100,1150936,10423622730,198,قشیر,قند شیروان قوچان و بجنورد,فرابورس,9180,9180,8930,9070,9100
1403-11-14,2025-02-02,Sunday,8870,9180,8870,9020,9060,665626,5999920990,168,قشیر,قند شیروان قوچان و بجنورد,فرابورس,8870,9180,8870,9020,9060
1403-11-15,2025-02-03,Monday,8900,9050,8790,8960,8960,758371,6709483640,122,قشیر,قند شیروان قوچان و بجنورد,فرابورس,8900,9050,8790,8960,8960
1403-11-16,2025-02-04,Tuesday,9040,9220,9000,9040,9030,899513,8180851340,186,قشیر,قند شیروان قوچان و بجنورد,فرابورس,9040,9220,9000,9040,9030
1403-11-17,2025-02-05,Wednesday,8950,8990,8760,8760,8780,1853085,16277482320,328,قشیر,قند شیروان قوچان و بجنورد,فرابورس,8950,8990,8760,8760,8780
1403-11-21,2025-02-09,Sunday,8600,9030,8520,8520,8730,1668241,14554287300,328,قشیر,قند شیروان قوچان و بجنورد,فرابورس,8600,9030,8520,8520,8730
1403-11-23,2025-02-11,Tuesday,8810,8810,8470,8470,8490,1982406,16831286300,1102,قشیر,قند شیروان قوچان و بجنورد,فرابورس,8810,8810,8470,8470,8490
1403-11-27,2025-02-15,Saturday,8390,8390,8240,8240,8360,1040050,8593594250,562,قشیر,قند شیروان قوچان و بجنورد,فرابورس,8390,8390,8240,8240,8360
1403-11-28,2025-02-16,Sunday,8110,8110,8110,8110,8110,1882226,15264852860,689,قشیر,قند شیروان قوچان و بجنورد,فرابورس,8110,8110,8110,8110,8110
1403-11-29,2025-02-17,Monday,8110,8250,7930,8040,8060,2492201,20087659580,1477,قشیر,قند شیروان قوچان و بجنورد,فرابورس,8110,8250,7930,8040,8060
1403-11-30,2025-02-18,Tuesday,7900,8150,7900,8000,8060,1053374,8498266430,242,قشیر,قند شیروان قوچان و بجنورد,فرابورس,7900,8150,7900,8000,8060
1403-12-01,2025-02-19,Wednesday,7950,8290,7950,8150,8070,1318804,10638973240,323,قشیر,قند شیروان قوچان و بجنورد,فرابورس,7950,8290,7950,8150,8070
1403-12-04,2025-02-22,Saturday,8250,8310,8040,8310,8250,1858309,15338670640,221,قشیر,قند شیروان قوچان و بجنورد,فرابورس,8250,8310,8040,8310,8250
1403-12-05,2025-02-23,Sunday,8490,8490,8170,8490,8470,1791936,15198382630,268,قشیر,قند شیروان قوچان و بجنورد,فرابورس,8490,8490,8170,8490,8470
1403-12-06,2025-02-24,Monday,8700,8720,8600,8720,8600,944779,8236628670,148,قشیر,قند شیروان قوچان و بجنورد,فرابورس,8700,8720,8600,8720,8600
1403-12-07,2025-02-25,Tuesday,8840,8850,8600,8850,8780,1552298,13682953420,262,قشیر,قند شیروان قوچان و بجنورد,فرابورس,8840,8850,8600,8850,8780
1403-12-08,2025-02-26,Wednesday,8780,9040,8520,9040,8990,2923530,26271656390,439,قشیر,قند شیروان قوچان و بجنورد,فرابورس,8780,9040,8520,9040,8990
1403-12-11,2025-03-01,Saturday,9000,9200,8820,9030,8980,1309275,11748478080,233,قشیر,قند شیروان قوچان و بجنورد,فرابورس,9000,9200,8820,9030,8980
1403-12-12,2025-03-02,Sunday,9180,9190,8720,8720,8790,3950145,34738275760,350,قشیر,قند شیروان قوچان و بجنورد,فرابورس,9180,9190,8720,8720,8790
1403-12-13,2025-03-03,Monday,8560,8700,8530,8530,8550,1625032,13876364070,260,قشیر,قند شیروان قوچان و بجنورد,فرابورس,8560,8700,8530,8530,8550
1403-12-14,2025-03-04,Tuesday,8670,8800,8600,8680,8760,1730360,15161643810,180,قشیر,قند شیروان قوچان و بجنورد,فرابورس,8670,8800,8600,8680,8760
1403-12-15,2025-03-05,Wednesday,8950,8950,8520,8650,8750,1237719,10827047730,185,قشیر,قند شیروان قوچان و بجنورد,فرابورس,8950,8950,8520,8650,8750
1403-12-18,2025-03-08,Saturday,8800,8800,8490,8490,8520,1582228,13454517150,174,قشیر,قند شیروان قوچان و بجنورد,فرابورس,8800,8800,8490,8490,8520
1403-12-19,2025-03-09,Sunday,8270,8270,8270,8270,8450,475491,3932310570,73,قشیر,قند شیروان قوچان و بجنورد,فرابورس,8270,8270,8270,8270,8450
1403-12-20,2025-03-10,Monday,8200,8270,8200,8200,8270,1228051,10070584200,147,قشیر,قند شیروان قوچان و بجنورد,فرابورس,8200,8270,8200,8200,8270
1403-12-21,2025-03-11,Tuesday,8030,8190,8030,8030,8030,3004869,24143953260,353,قشیر,قند شیروان قوچان و بجنورد,فرابورس,8030,8190,8030,8030,8030
1403-12-22,2025-03-12,Wednesday,7800,8270,7790,8140,8000,3783134,30256409680,435,قشیر,قند شیروان قوچان و بجنورد,فرابورس,7800,8270,7790,8140,8000
1403-12-25,2025-03-15,Saturday,8220,8240,8120,8240,8230,2327004,19145208860,208,قشیر,قند شیروان قوچان و بجنورد,فرابورس,8220,8240,8120,8240,8230
1403-12-26,2025-03-16,Sunday,8240,8400,8080,8110,8220,870556,7144085340,192,قشیر,قند شیروان قوچان و بجنورد,فرابورس,8240,8400,8080,8110,8220
1403-12-27,2025-03-17,Monday,8110,8450,8110,8200,8220,717272,5887943050,194,قشیر,قند شیروان قوچان و بجنورد,فرابورس,8110,8450,8110,8200,8220
1403-12-28,2025-03-18,Tuesday,7980,8200,7980,8070,7980,2082980,16626370050,179,قشیر,قند شیروان قوچان و بجنورد,فرابورس,7980,8200,7980,8070,7980
1404-01-05,2025-03-25,Tuesday,8000,8210,8000,8210,8080,886940,7265472990,106,قشیر,قند شیروان قوچان و بجنورد,فرابورس,8000,8210,8000,8210,8080
1404-01-06,2025-03-26,Wednesday,8300,8320,8160,8320,8240,1257264,10452996250,156,قشیر,قند شیروان قوچان و بجنورد,فرابورس,8300,8320,8160,8320,8240
1404-01-09,2025-03-29,Saturday,8340,8340,8100,8290,8230,1111105,9139211970,205,قشیر,قند شیروان قوچان و بجنورد,فرابورس,8340,8340,8100,8290,8230
1404-01-10,2025-03-30,Sunday,8460,8460,8290,8430,8300,747670,6274448560,136,قشیر,قند شیروان قوچان و بجنورد,فرابورس,8460,8460,8290,8430,8300
1404-01-16,2025-04-05,Saturday,8140,8520,8120,8340,8340,1146092,9585374810,172,قشیر,قند شیروان قوچان و بجنورد,فرابورس,8140,8520,8120,8340,8340
1404-01-17,2025-04-06,Sunday,8490,8580,8200,8450,8350,843410,7045273710,161,قشیر,قند شیروان قوچان و بجنورد,فرابورس,8490,8580,8200,8450,8350
1404-01-18,2025-04-07,Monday,8180,8300,8100,8150,8230,1163073,9485992330,193,قشیر,قند شیروان قوچان و بجنورد,فرابورس,8180,8300,8100,8150,8230
1404-01-19,2025-04-08,Tuesday,8470,8470,8470,8470,8420,1409708,11940226760,109,قشیر,قند شیروان قوچان و بجنورد,فرابورس,8470,8470,8470,8470,8420
1404-01-20,2025-04-09,Wednesday,8670,8670,8260,8640,8430,1438952,12129594100,172,قشیر,قند شیروان قوچان و بجنورد,فرابورس,8670,8670,8260,8640,8430
1404-01-23,2025-04-12,Saturday,8650,8650,8200,8460,8360,1318958,10994007690,155,قشیر,قند شیروان قوچان و بجنورد,فرابورس,8650,8650,8200,8460,8360
1404-01-24,2025-04-13,Sunday,8610,8610,8610,8610,8520,1153059,9927837990,105,قشیر,قند شیروان قوچان و بجنورد,فرابورس,8610,8610,8610,8610,8520
1404-01-25,2025-04-14,Monday,8770,8770,8510,8630,8700,1674110,14588434330,187,قشیر,قند شیروان قوچان و بجنورد,فرابورس,8770,8770,8510,8630,8700
1404-01-26,2025-04-15,Tuesday,8460,8960,8460,8950,8840,2690148,23781133000,370,قشیر,قند شیروان قوچان و بجنورد,فرابورس,8460,8960,8460,8950,8840
1404-01-27,2025-04-16,Wednesday,9050,9090,8940,8950,8950,1140361,10273875810,196,قشیر,قند شیروان قوچان و بجنورد,فرابورس,9050,9090,8940,8950,8950
1404-01-30,2025-04-19,Saturday,9090,9210,9000,9210,9140,3075088,28119431820,328,قشیر,قند شیروان قوچان و بجنورد,فرابورس,9090,9210,9000,9210,9140
1404-01-31,2025-04-20,Sunday,9410,9410,9300,9410,9410,2945709,27716387760,256,قشیر,قند شیروان قوچان و بجنورد,فرابورس,9410,9410,9300,9410,9410
1404-02-01,2025-04-21,Monday,9690,9690,9130,9370,9520,4289799,40857420580,479,قشیر,قند شیروان قوچان و بجنورد,فرابورس,9690,9690,9130,9370,9520
1404-02-02,2025-04-22,Tuesday,9240,9700,9240,9450,9440,4498142,42452270880,517,قشیر,قند شیروان قوچان و بجنورد,فرابورس,9240,9700,9240,9450,9440
1404-02-03,2025-04-23,Wednesday,9690,9690,9160,9560,9480,2182788,20682152860,344,قشیر,قند شیروان قوچان و بجنورد,فرابورس,9690,9690,9160,9560,9480
1404-02-06,2025-04-26,Saturday,9700,9700,9420,9490,9580,1693639,16226736880,240,قشیر,قند شیروان قوچان و بجنورد,فرابورس,9700,9700,9420,9490,9580
1404-02-07,2025-04-27,Sunday,9300,9750,9300,9630,9560,2662630,25461907450,386,قشیر,قند شیروان قوچان و بجنورد,فرابورس,9300,9750,9300,9630,9560
1404-02-08,2025-04-28,Monday,9790,9840,9600,9840,9770,2513821,24571876920,301,قشیر,قند شیروان قوچان و بجنورد,فرابورس,9790,9840,9600,9840,9770
1404-02-09,2025-04-29,Tuesday,10050,10060,9910,10060,10050,2470032,24822435530,308,قشیر,قند شیروان قوچان و بجنورد,فرابورس,10050,10060,9910,10060,10050
1404-02-10,2025-04-30,Wednesday,10340,10350,9990,10260,10300,1712915,17639476230,302,قشیر,قند شیروان قوچان و بجنورد,فرابورس,10340,10350,9990,10260,10300
1404-02-13,2025-05-03,Saturday,10000,10250,10000,10000,10030,3251954,32620582010,321,قشیر,قند شیروان قوچان و بجنورد,فرابورس,10000,10250,10000,10000,10030
1404-02-14,2025-05-04,Sunday,9870,10130,9770,10030,10030,3051661,30609659070,318,قشیر,قند شیروان قوچان و بجنورد,فرابورس,9870,10130,9770,10030,10030
1404-02-15,2025-05-05,Monday,10320,10320,9800,9950,10060,1761644,17715823490,313,قشیر,قند شیروان قوچان و بجنورد,فرابورس,10320,10320,9800,9950,10060
1404-02-16,2025-05-06,Tuesday,10170,10180,9760,9900,9840,4003597,39382208830,578,قشیر,قند شیروان قوچان و بجنورد,فرابورس,10170,10180,9760,9900,9840
1404-02-17,2025-05-07,Wednesday,9990,10110,9820,9830,9950,1893589,18842206110,292,قشیر,قند شیروان قوچان و بجنورد,فرابورس,9990,10110,9820,9830,9950
1404-02-20,2025-05-10,Saturday,10110,10110,9660,9660,9690,3569991,34595933990,473,قشیر,قند شیروان قوچان و بجنورد,فرابورس,10110,10110,9660,9660,9690
1404-02-21,2025-05-11,Sunday,9400,9690,9400,9520,9430,4435855,41831386850,474,قشیر,قند شیروان قوچان و بجنورد,فرابورس,9400,9690,9400,9520,9430
1404-02-22,2025-05-12,Monday,9710,9710,9660,9710,9710,2743304,26635498040,192,قشیر,قند شیروان قوچان و بجنورد,فرابورس,9710,9710,9660,9710,9710
1404-02-23,2025-05-13,Tuesday,9900,9900,9470,9600,9610,1859382,17861448550,290,قشیر,قند شیروان قوچان و بجنورد,فرابورس,9900,9900,9470,9600,9610
1404-02-24,2025-05-14,Wednesday,9500,9720,9500,9610,9610,1475663,14184663810,262,قشیر,قند شیروان قوچان و بجنورد,فرابورس,9500,9720,9500,9610,9610
1404-02-27,2025-05-17,Saturday,9610,9840,9330,9450,9500,2750375,26118806840,359,قشیر,قند شیروان قوچان و بجنورد,فرابورس,9610,9840,9330,9450,9500
1404-02-28,2025-05-18,Sunday,9780,9780,9600,9780,9760,4099498,39997181890,385,قشیر,قند شیروان قوچان و بجنورد,فرابورس,9780,9780,9600,9780,9760
1404-02-29,2025-05-19,Monday,9880,9880,9550,9680,9720,1040421,10084922250,182,قشیر,قند شیروان قوچان و بجنورد,فرابورس,9880,9880,9550,9680,9720
1404-02-30,2025-05-20,Tuesday,9720,9720,9430,9430,9440,2337412,22071757210,229,قشیر,قند شیروان قوچان و بجنورد,فرابورس,9720,9720,9430,9430,9440
1404-02-31,2025-05-21,Wednesday,9180,9500,9180,9220,9320,2704622,25195623230,416,قشیر,قند شیروان قوچان و بجنورد,فرابورس,9180,9500,9180,9220,9320
1404-03-03,2025-05-24,Saturday,9540,9540,9260,9480,9360,1491296,13970690030,240,قشیر,قند شیروان قوچان و بجنورد,فرابورس,9540,9540,9260,9480,9360
1404-03-04,2025-05-25,Sunday,9550,9550,9120,9170,9250,2213469,20478557120,331,قشیر,قند شیروان قوچان و بجنورد,فرابورس,9550,9550,9120,9170,9250
1404-03-05,2025-05-26,Monday,9390,9520,9270,9520,9470,3629183,34359983450,362,قشیر,قند شیروان قوچان و بجنورد,فرابورس,9390,9520,9270,9520,9470
1404-03-06,2025-05-27,Tuesday,9600,9750,9600,9750,9750,2783267,27132393030,213,قشیر,قند شیروان قوچان و بجنورد,فرابورس,9600,9750,9600,9750,9750
1404-03-07,2025-05-28,Wednesday,9930,10040,9930,10040,10030,3299190,33094043790,423,قشیر,قند شیروان قوچان و بجنورد,فرابورس,9930,10040,9930,10040,10030
1404-03-10,2025-05-31,Saturday,10240,10330,10000,10330,10320,4182403,43146915990,554,قشیر,قند شیروان قوچان و بجنورد,فرابورس,10240,10330,10000,10330,10320
1404-03-11,2025-06-01,Sunday,10610,10620,10410,10620,10610,7596181,80621959310,633,قشیر,قند شیروان قوچان و بجنورد,فرابورس,10610,10620,10410,10620,10610
1404-03-12,2025-06-02,Monday,10890,10920,10600,10910,10830,4783252,51790368370,602,قشیر,قند شیروان قوچان و بجنورد,فرابورس,10890,10920,10600,10910,10830
1404-03-13,2025-06-03,Tuesday,10870,11150,10510,10820,10900,6630761,72280859550,781,قشیر,قند شیروان قوچان و بجنورد,فرابورس,10870,11150,10510,10820,10900
1404-03-17,2025-06-07,Saturday,10580,10580,10580,10580,10580,2069926,21899817080,213,قشیر,قند شیروان قوچان و بجنورد,فرابورس,10580,10580,10580,10580,10580
1404-03-18,2025-06-08,Sunday,10310,10890,10310,10880,10770,3214755,34613894100,390,قشیر,قند شیروان قوچان و بجنورد,فرابورس,10310,10890,10310,10880,10770
1404-03-19,2025-06-09,Monday,10890,11020,10450,10450,10500,6076123,63815396440,583,قشیر,قند شیروان قوچان و بجنورد,فرابورس,10890,11020,10450,10450,10500
1404-03-20,2025-06-10,Tuesday,10450,10750,10340,10710,10560,1804154,19052456730,222,قشیر,قند شیروان قوچان و بجنورد,فرابورس,10450,10750,10340,10710,10560
1404-03-21,2025-06-11,Wednesday,10760,10870,10630,10850,10840,3503418,37974623520,371,قشیر,قند شیروان قوچان و بجنورد,فرابورس,10760,10870,10630,10850,10840
1404-04-07,2025-06-28,Saturday,10520,10520,10520,10520,10570,1187097,12488260440,41,قشیر,قند شیروان قوچان و بجنورد,فرابورس,10520,10520,10520,10520,10570
1404-04-08,2025-06-29,Sunday,10260,10260,10260,10260,10260,1607298,16490877480,56,قشیر,قند شیروان قوچان و بجنورد,فرابورس,10260,10260,10260,10260,10260
1404-04-09,2025-06-30,Monday,9960,9960,9960,9960,10040,994439,9904612440,39,قشیر,قند شیروان قوچان و بجنورد,فرابورس,9960,9960,9960,9960,10040
1404-04-10,2025-07-01,Tuesday,9740,9740,9740,9740,9920,559937,5453786380,29,قشیر,قند شیروان قوچان و بجنورد,فرابورس,9740,9740,9740,9740,9920
1404-04-11,2025-07-02,Wednesday,9630,10000,9630,9780,9660,23146174,223611448230,2750,قشیر,قند شیروان قوچان و بجنورد,فرابورس,9630,10000,9630,9780,9660
1404-04-16,2025-07-07,Monday,9410,9900,9380,9380,9440,1486453,14018765660,184,قشیر,قند شیروان قوچان و بجنورد,فرابورس,9410,9900,9380,9380,9440
1404-04-17,2025-07-08,Tuesday,9160,9350,9160,9160,9280,879754,8058763290,96,قشیر,قند شیروان قوچان و بجنورد,فرابورس,9160,9350,9160,9160,9280
1404-04-18,2025-07-09,Wednesday,9010,9010,9010,9010,9120,942703,8493754030,60,قشیر,قند شیروان قوچان و بجنورد,فرابورس,9010,9010,9010,9010,9120
1404-04-21,2025-07-12,Saturday,9000,9320,8850,9240,8960,5470205,48996298180,753,قشیر,قند شیروان قوچان و بجنورد,فرابورس,9000,9320,8850,9240,8960
1404-04-22,2025-07-13,Sunday,9200,9200,8850,8950,8940,1795391,16044931970,538,قشیر,قند شیروان قوچان و بجنورد,فرابورس,9200,9200,8850,8950,8940
1404-04-23,2025-07-14,Monday,9010,9200,8960,9100,9070,1220799,11121636200,234,قشیر,قند شیروان قوچان و بجنورد,فرابورس,9010,9200,8960,9100,9070
1404-04-24,2025-07-15,Tuesday,9230,9230,8960,9160,9090,1572699,14289647310,485,قشیر,قند شیروان قوچان و بجنورد,فرابورس,9230,9230,8960,9160,9090
1404-04-25,2025-07-16,Wednesday,9240,9360,9000,9360,9240,1557712,14409422060,237,قشیر,قند شیروان قوچان و بجنورد,فرابورس,9240,9360,9000,9360,9240
1404-04-28,2025-07-19,Saturday,9270,9400,9010,9100,9230,373913,3435744230,97,قشیر,قند شیروان قوچان و بجنورد,فرابورس,9270,9400,9010,9100,9230
1404-04-29,2025-07-20,Sunday,9000,9250,8960,9200,9050,3351228,30339474670,635,قشیر,قند شیروان قوچان و بجنورد,فرابورس,9000,9250,8960,9200,9050
1404-04-30,2025-07-21,Monday,9250,9250,9000,9070,9060,436504,3968482110,101,قشیر,قند شیروان قوچان و بجنورد,فرابورس,9250,9250,9000,9070,9060
1404-04-31,2025-07-22,Tuesday,9060,9200,8790,8790,8930,1331408,11843978090,199,قشیر,قند شیروان قوچان و بجنورد,فرابورس,9060,9200,8790,8790,8930
1404-05-01,2025-07-23,Wednesday,8790,9150,8670,9050,8800,2525266,22213954200,325,قشیر,قند شیروان قوچان و بجنورد,فرابورس,8790,9150,8670,9050,8800
1404-05-04,2025-07-26,Saturday,9040,9060,8820,8980,8990,1487314,13419835500,162,قشیر,قند شیروان قوچان و بجنورد,فرابورس,9040,9060,8820,8980,8990
1404-05-05,2025-07-27,Sunday,9210,9210,8800,8870,8920,1123359,9984465930,128,قشیر,قند شیروان قوچان و بجنورد,فرابورس,9210,9210,8800,8870,8920
1404-05-06,2025-07-28,Monday,8800,8920,8660,8660,8780,965402,8364979630,128,قشیر,قند شیروان قوچان و بجنورد,فرابورس,8800,8920,8660,8660,8780
1404-05-07,2025-07-29,Tuesday,8520,8870,8520,8540,8550,3698214,31627139630,357,قشیر,قند شیروان قوچان و بجنورد,فرابورس,8520,8870,8520,8540,8550
1404-05-08,2025-07-30,Wednesday,8340,8790,8300,8430,8400,1570654,13180801790,262,قشیر,قند شیروان قوچان و بجنورد,فرابورس,8340,8790,8300,8430,8400
1404-05-11,2025-08-02,Saturday,8170,8330,8150,8150,8210,2435900,20000641080,210,قشیر,قند شیروان قوچان و بجنورد,فرابورس,8170,8330,8150,8150,8210
1404-05-12,2025-08-03,Sunday,8000,8350,8000,8010,8120,1601484,12990905650,216,قشیر,قند شیروان قوچان و بجنورد,فرابورس,8000,8350,8000,8010,8120
1404-05-18,2025-08-09,Saturday,8120,8290,8060,8120,8120,251724,2049422080,41,قشیر,قند شیروان قوچان و بجنورد,فرابورس,8120,8290,8060,8120,8120
1404-05-19,2025-08-10,Sunday,7880,8300,7880,7880,7960,1480429,11730063040,190,قشیر,قند شیروان قوچان و بجنورد,فرابورس,7880,8300,7880,7880,7960
1404-05-20,2025-08-11,Monday,7760,7980,7730,7730,7820,1618492,12620326220,203,قشیر,قند شیروان قوچان و بجنورد,فرابورس,7760,7980,7730,7730,7820
1404-05-21,2025-08-12,Tuesday,7640,7890,7590,7620,7690,1507635,11542240820,153,قشیر,قند شیروان قوچان و بجنورد,فرابورس,7640,7890,7590,7620,7690
1404-05-22,2025-08-13,Wednesday,7470,7500,7460,7460,7570,948337,7075700680,104,قشیر,قند شیروان قوچان و بجنورد,فرابورس,7470,7500,7460,7460,7570
1404-05-25,2025-08-16,Saturday,7600,7790,7350,7760,7570,1692901,12823640550,186,قشیر,قند شیروان قوچان و بجنورد,فرابورس,7600,7790,7350,7760,7570
1404-05-26,2025-08-17,Sunday,7700,7790,7700,7790,7730,1430981,11146233240,92,قشیر,قند شیروان قوچان و بجنورد,فرابورس,7700,7790,7700,7790,7730
1404-05-27,2025-08-18,Monday,7960,7960,7820,7960,7930,1778352,14139437750,174,قشیر,قند شیروان قوچان و بجنورد,فرابورس,7960,7960,7820,7960,7930
1404-05-28,2025-08-19,Tuesday,7960,8160,7960,8160,8010,721742,5884088610,104,قشیر,قند شیروان قوچان و بجنورد,فرابورس,7960,8160,7960,8160,8010
1404-05-29,2025-08-20,Wednesday,8240,8250,8230,8250,8150,1116096,9207032010,140,قشیر,قند شیروان قوچان و بجنورد,فرابورس,8240,8250,8230,8250,8150
1404-06-01,2025-08-23,Saturday,8380,8390,8150,8390,8230,935636,7765749000,128,قشیر,قند شیروان قوچان و بجنورد,فرابورس,8380,8390,8150,8390,8230
1404-06-03,2025-08-25,Monday,8390,8470,7990,8010,8170,869173,7048958360,165,قشیر,قند شیروان قوچان و بجنورد,فرابورس,8390,8470,7990,8010,8170
1404-06-04,2025-08-26,Tuesday,8000,8180,7930,8000,8010,1578159,12598532890,175,قشیر,قند شیروان قوچان و بجنورد,فرابورس,8000,8180,7930,8000,8010
1404-06-05,2025-08-27,Wednesday,8000,8100,7770,8020,7970,597384,4709753540,113,قشیر,قند شیروان قوچان و بجنورد,فرابورس,8000,8100,7770,8020,7970
1404-06-08,2025-08-30,Saturday,7740,8000,7740,7990,7880,1058558,8261017010,140,قشیر,قند شیروان قوچان و بجنورد,فرابورس,7740,8000,7740,7990,7880
1404-06-09,2025-08-31,Sunday,8080,8110,8050,8110,7950,635212,5141546400,92,قشیر,قند شیروان قوچان و بجنورد,فرابورس,8080,8110,8050,8110,7950
1404-06-11,2025-09-02,Tuesday,8180,8180,8030,8160,7990,479111,3892696810,75,قشیر,قند شیروان قوچان و بجنورد,فرابورس,8180,8180,8030,8160,7990
1404-06-12,2025-09-03,Wednesday,8210,8220,8130,8220,8050,592664,4849227590,90,قشیر,قند شیروان قوچان و بجنورد,فرابورس,8210,8220,8130,8220,8050
1404-06-15,2025-09-06,Saturday,7930,8290,7920,8000,8070,891914,7221748860,140,قشیر,قند شیروان قوچان و بجنورد,فرابورس,7930,8290,7920,8000,8070
1404-06-16,2025-09-07,Sunday,7990,8220,7990,8140,8080,522676,4236440810,81,قشیر,قند شیروان قوچان و بجنورد,فرابورس,7990,8220,7990,8140,8080
1404-06-17,2025-09-08,Monday,8140,8320,7960,8310,8140,761281,6254033570,119,قشیر,قند شیروان قوچان و بجنورد,فرابورس,8140,8320,7960,8310,8140
1404-06-18,2025-09-09,Tuesday,8320,8370,8010,8250,8160,441511,3628518380,82,قشیر,قند شیروان قوچان و بجنورد,فرابورس,8320,8370,8010,8250,8160
1404-06-22,2025-09-13,Saturday,8060,8390,8050,8190,8160,471415,3852877690,93,قشیر,قند شیروان قوچان و بجنورد,فرابورس,8060,8390,8050,8190,8160
1404-06-23,2025-09-14,Sunday,8380,8400,8190,8400,8400,1854425,15571724240,104,قشیر,قند شیروان قوچان و بجنورد,فرابورس,8380,8400,8190,8400,8400
1404-06-24,2025-09-15,Monday,8400,8630,8170,8250,8360,605080,5015889930,117,قشیر,قند شیروان قوچان و بجنورد,فرابورس,8400,8630,8170,8250,8360
1404-06-25,2025-09-16,Tuesday,8250,8350,8110,8350,8300,557787,4561749720,115,قشیر,قند شیروان قوچان و بجنورد,فرابورس,8250,8350,8110,8350,8300
1404-06-26,2025-09-17,Wednesday,8340,8340,8060,8090,8250,726687,5932437670,92,قشیر,قند شیروان قوچان و بجنورد,فرابورس,8340,8340,8060,8090,8250
1404-06-29,2025-09-20,Saturday,8010,8100,8010,8010,8110,1042111,8347527160,93,قشیر,قند شیروان قوچان و بجنورد,فرابورس,8010,8100,8010,8010,8110
1404-06-30,2025-09-21,Sunday,7870,8030,7870,8030,7880,1783583,14040745180,165,قشیر,قند شیروان قوچان و بجنورد,فرابورس,7870,8030,7870,8030,7880
1404-06-31,2025-09-22,Monday,8080,8110,7710,7980,7900,469290,3736769930,84,قشیر,قند شیروان قوچان و بجنورد,فرابورس,8080,8110,7710,7980,7900
1404-07-01,2025-09-23,Tuesday,7740,7980,7740,7760,7870,520187,4057171920,74,قشیر,قند شیروان قوچان و بجنورد,فرابورس,7740,7980,7740,7760,7870
1404-07-02,2025-09-24,Wednesday,7640,7730,7640,7640,7780,741754,5669452790,109,قشیر,قند شیروان قوچان و بجنورد,فرابورس,7640,7730,7640,7640,7780
1404-07-05,2025-09-27,Saturday,7550,8010,7550,8010,7950,1779883,14170037030,153,قشیر,قند شیروان قوچان و بجنورد,فرابورس,7550,8010,7550,8010,7950
1404-07-06,2025-09-28,Sunday,8110,8180,8020,8180,8080,1301342,10589320290,148,قشیر,قند شیروان قوچان و بجنورد,فرابورس,8110,8180,8020,8180,8080
1404-07-07,2025-09-29,Monday,8320,8320,8310,8320,8290,1720671,14313376930,147,قشیر,قند شیروان قوچان و بجنورد,فرابورس,8320,8320,8310,8320,8290
1404-07-08,2025-09-30,Tuesday,8330,8340,8050,8050,8070,2106472,17001833330,164,قشیر,قند شیروان قوچان و بجنورد,فرابورس,8330,8340,8050,8050,8070
1404-07-09,2025-10-01,Wednesday,7860,8130,7830,7830,7920,1659532,13111876480,193,قشیر,قند شیروان قوچان و بجنورد,فرابورس,7860,8130,7830,7830,7920
1404-07-12,2025-10-04,Saturday,8090,8150,7810,8150,8110,1653828,13456719720,149,قشیر,قند شیروان قوچان و بجنورد,فرابورس,8090,8150,7810,8150,8110
1404-07-13,2025-10-05,Sunday,8150,8330,8000,8250,8160,1858772,15176058340,182,قشیر,قند شیروان قوچان و بجنورد,فرابورس,8150,8330,8000,8250,8160
1404-07-14,2025-10-06,Monday,8350,8350,8020,8180,8130,1631657,13261820420,212,قشیر,قند شیروان قوچان و بجنورد,فرابورس,8350,8350,8020,8180,8130
1404-07-15,2025-10-07,Tuesday,8200,8330,8150,8270,8180,676785,5591559750,108,قشیر,قند شیروان قوچان و بجنورد,فرابورس,8200,8330,8150,8270,8180
1404-07-16,2025-10-08,Wednesday,8180,8300,8150,8220,8210,1033257,8499476470,95,قشیر,قند شیروان قوچان و بجنورد,فرابورس,8180,8300,8150,8220,8210
1404-07-19,2025-10-11,Saturday,8300,8450,8140,8450,8340,1547455,12949057580,165,قشیر,قند شیروان قوچان و بجنورد,فرابورس,8300,8450,8140,8450,8340
1404-07-20,2025-10-12,Sunday,8590,8590,8590,8590,8550,1499214,12878248260,62,قشیر,قند شیروان قوچان و بجنورد,فرابورس,8590,8590,8590,8590,8550
1404-07-21,2025-10-13,Monday,8800,8800,8800,8800,8740,1397765,12300332000,90,قشیر,قند شیروان قوچان و بجنورد,فرابورس,8800,8800,8800,8800,8740
1404-07-22,2025-10-14,Tuesday,9000,9000,8800,8920,8960,3089049,27679680160,263,قشیر,قند شیروان قوچان و بجنورد,فرابورس,9000,9000,8800,8920,8960
1404-07-23,2025-10-15,Wednesday,9110,9220,9000,9220,9210,2338066,21528902830,165,قشیر,قند شیروان قوچان و بجنورد,فرابورس,9110,9220,9000,9220,9210
1404-07-26,2025-10-18,Saturday,9480,9480,9480,9480,9470,1596906,15138668880,78,قشیر,قند شیروان قوچان و بجنورد,فرابورس,9480,9480,9480,9480,9470
1404-07-27,2025-10-19,Sunday,9750,9750,9410,9630,9690,2700617,26172530040,235,قشیر,قند شیروان قوچان و بجنورد,فرابورس,9750,9750,9410,9630,9690
1404-07-28,2025-10-20,Monday,9900,9900,9400,9400,9410,2024204,19040596340,234,قشیر,قند شیروان قوچان و بجنورد,فرابورس,9900,9900,9400,9400,9410
1404-07-29,2025-10-21,Tuesday,9130,9690,9130,9330,9450,2251034,21271230300,213,قشیر,قند شیروان قوچان و بجنورد,فرابورس,9130,9690,9130,9330,9450
1404-07-30,2025-10-22,Wednesday,9520,9630,9300,9630,9440,1085378,10237423930,140,قشیر,قند شیروان قوچان و بجنورد,فرابورس,9520,9630,9300,9630,9440
1404-08-03,2025-10-25,Saturday,9710,9720,9450,9690,9610,1435161,13812139100,184,قشیر,قند شیروان قوچان و بجنورد,فرابورس,9710,9720,9450,9690,9610
1404-08-04,2025-10-26,Sunday,9850,9850,9500,9780,9610,1444859,13888112440,188,قشیر,قند شیروان قوچان و بجنورد,فرابورس,9850,9850,9500,9780,9610
1404-08-05,2025-10-27,Monday,9790,9820,9630,9680,9640,512012,4965922570,120,قشیر,قند شیروان قوچان و بجنورد,فرابورس,9790,9820,9630,9680,9640
1404-08-06,2025-10-28,Tuesday,9420,9780,9400,9630,9570,1401883,13410521040,239,قشیر,قند شیروان قوچان و بجنورد,فرابورس,9420,9780,9400,9630,9570
1404-08-07,2025-10-29,Wednesday,9380,9700,9360,9430,9520,942556,8941293910,180,قشیر,قند شیروان قوچان و بجنورد,فرابورس,9380,9700,9360,9430,9520
1404-08-10,2025-11-01,Saturday,9420,9800,9360,9650,9710,3296215,32015015910,342,قشیر,قند شیروان قوچان و بجنورد,فرابورس,9420,9800,9360,9650,9710
1404-08-11,2025-11-02,Sunday,9730,9740,9420,9580,9590,915284,8702743600,192,قشیر,قند شیروان قوچان و بجنورد,فرابورس,9730,9740,9420,9580,9590
1404-08-12,2025-11-03,Monday,9440,9860,9410,9700,9680,1855753,17967229450,228,قشیر,قند شیروان قوچان و بجنورد,فرابورس,9440,9860,9410,9700,9680
1404-08-13,2025-11-04,Tuesday,9450,9790,9400,9490,9640,502249,4800136940,140,قشیر,قند شیروان قوچان و بجنورد,فرابورس,9450,9790,9400,9490,9640
1404-08-14,2025-11-05,Wednesday,9650,9650,9360,9360,9370,1996735,18715826960,220,قشیر,قند شیروان قوچان و بجنورد,فرابورس,9650,9650,9360,9360,9370
1404-08-17,2025-11-08,Saturday,9350,9650,9090,9090,9300,1458323,13559749990,214,قشیر,قند شیروان قوچان و بجنورد,فرابورس,9350,9650,9090,9090,9300
1404-08-18,2025-11-09,Sunday,9360,9360,9030,9030,9180,720342,6505426830,101,قشیر,قند شیروان قوچان و بجنورد,فرابورس,9360,9360,9030,9030,9180
1404-08-19,2025-11-10,Monday,8920,9300,8910,9100,9030,1119259,10031779280,220,قشیر,قند شیروان قوچان و بجنورد,فرابورس,8920,9300,8910,9100,9030
1404-08-20,2025-11-11,Tuesday,9240,9280,8790,8900,8990,810165,7258532170,167,قشیر,قند شیروان قوچان و بجنورد,فرابورس,9240,9280,8790,8900,8990
1404-08-21,2025-11-12,Wednesday,9100,9100,8730,8780,8770,3546667,31116818310,342,قشیر,قند شیروان قوچان و بجنورد,فرابورس,9100,9100,8730,8780,8770
