source,target,source_scenario,target_scenario,source_valuation,source_price,source_upside,target_valuation,target_price,target_upside,decision,score
زفجر,رنیک,خوشبینانه,خوشبینانه,1065349.1836773085,21550,4843.615701518833,25864843.930113867,18620,138808.93625195418,تخصیص,133965.32055043534
زفجر,رنیک,خوشبینانه,خنثی,1065349.1836773085,21550,4843.615701518833,19537487.278860025,18620,104827.42899495181,تخصیص,99983.81329343298
زفجر,رنیک,خوشبینانه,بدبینانه,1065349.1836773085,21550,4843.615701518833,15821834.778561147,18620,84872.25982041431,تخصیص,80028.64411889548
زفجر,رنیک,خنثی,خوشبینانه,1060965.4874058499,21550,4823.27372346102,25864843.930113867,18620,138808.93625195418,تخصیص,133985.66252849315
زفجر,رنیک,خنثی,خنثی,1060965.4874058499,21550,4823.27372346102,19537487.278860025,18620,104827.42899495181,تخصیص,100004.15527149079
زفجر,رنیک,خنثی,بدبینانه,1060965.4874058499,21550,4823.27372346102,15821834.778561147,18620,84872.25982041431,تخصیص,80048.98609695329
زفجر,رنیک,بدبینانه,خوشبینانه,1058401.6168757172,21550,4811.376412416321,25864843.930113867,18620,138808.93625195418,تخصیص,133997.55983953786
زفجر,رنیک,بدبینانه,خنثی,1058401.6168757172,21550,4811.376412416321,19537487.278860025,18620,104827.42899495181,تخصیص,100016.05258253549
زفجر,رنیک,بدبینانه,بدبینانه,1058401.6168757172,21550,4811.376412416321,15821834.778561147,18620,84872.25982041431,تخصیص,80060.88340799799
زفجر,قشیر,خوشبینانه,خوشبینانه,1065349.1836773085,21550,4843.615701518833,307776.42186379083,8780,3405.426217127458,نگهداری,-1438.1894843913747
زفجر,قشیر,خوشبینانه,خنثی,1065349.1836773085,21550,4843.615701518833,307070.2883047056,8780,3397.3836936754624,نگهداری,-1446.2320078433704
زفجر,قشیر,خوشبینانه,بدبینانه,1065349.1836773085,21550,4843.615701518833,306657.2912491481,8780,3392.6798547738963,نگهداری,-1450.9358467449365
زفجر,قشیر,خنثی,خوشبینانه,1060965.4874058499,21550,4823.27372346102,307776.42186379083,8780,3405.426217127458,نگهداری,-1417.8475063335623
زفجر,قشیر,خنثی,خنثی,1060965.4874058499,21550,4823.27372346102,307070.2883047056,8780,3397.3836936754624,نگهداری,-1425.890029785558
زفجر,قشیر,خنثی,بدبینانه,1060965.4874058499,21550,4823.27372346102,306657.2912491481,8780,3392.6798547738963,نگهداری,-1430.593868687124
زفجر,قشیر,بدبینانه,خوشبینانه,1058401.6168757172,21550,4811.376412416321,307776.42186379083,8780,3405.426217127458,نگهداری,-1405.9501952888627
زفجر,قشیر,بدبینانه,خنثی,1058401.6168757172,21550,4811.376412416321,307070.2883047056,8780,3397.3836936754624,نگهداری,-1413.9927187408584
زفجر,قشیر,بدبینانه,بدبینانه,1058401.6168757172,21550,4811.376412416321,306657.2912491481,8780,3392.6798547738963,نگهداری,-1418.6965576424245
زفجر,زدشت,خوشبینانه,خوشبینانه,1065349.1836773085,21550,4843.615701518833,1350631.4202563248,30450,4335.571166687438,نگهداری,-508.04453483139514
زفجر,زدشت,خوشبینانه,خنثی,1065349.1836773085,21550,4843.615701518833,1344692.657272534,30450,4316.067839975481,نگهداری,-527.5478615433522
زفجر,زدشت,خوشبینانه,بدبینانه,1065349.1836773085,21550,4843.615701518833,1341219.290286321,30450,4304.661051843418,نگهداری,-538.9546496754147
زفجر,زدشت,خنثی,خوشبینانه,1060965.4874058499,21550,4823.27372346102,1350631.4202563248,30450,4335.571166687438,نگهداری,-487.7025567735827
زفجر,زدشت,خنثی,خنثی,1060965.4874058499,21550,4823.27372346102,1344692.657272534,30450,4316.067839975481,نگهداری,-507.20588348553974
زفجر,زدشت,خنثی,بدبینانه,1060965.4874058499,21550,4823.27372346102,1341219.290286321,30450,4304.661051843418,نگهداری,-518.6126716176022
زفجر,زدشت,بدبینانه,خوشبینانه,1058401.6168757172,21550,4811.376412416321,1350631.4202563248,30450,4335.571166687438,نگهداری,-475.80524572888316
زفجر,زدشت,بدبینانه,خنثی,1058401.6168757172,21550,4811.376412416321,1344692.657272534,30450,4316.067839975481,نگهداری,-495.3085724408402
زفجر,زدشت,بدبینانه,بدبینانه,1058401.6168757172,21550,4811.376412416321,1341219.290286321,30450,4304.661051843418,نگهداری,-506.7153605729027
زفجر,وسنا,خوشبینانه,خوشبینانه,1065349.1836773085,21550,4843.615701518833,10144112.791813057,13370,75772.19739575959,تخصیص,70928.58169424075
زفجر,وسنا,خوشبینانه,خنثی,1065349.1836773085,21550,4843.615701518833,10027829.559984842,13370,74902.4649213526,تخصیص,70058.84921983376
زفجر,وسنا,خوشبینانه,بدبینانه,1065349.1836773085,21550,4843.615701518833,9959821.176611565,13370,74393.80087218822,تخصیص,69550.18517066939
زفجر,وسنا,خنثی,خوشبینانه,1060965.4874058499,21550,4823.27372346102,10144112.791813057,13370,75772.19739575959,تخصیص,70948.92367229857
زفجر,وسنا,خنثی,خنثی,1060965.4874058499,21550,4823.27372346102,10027829.559984842,13370,74902.4649213526,تخصیص,70079.19119789157
زفجر,وسنا,خنثی,بدبینانه,1060965.4874058499,21550,4823.27372346102,9959821.176611565,13370,74393.80087218822,تخصیص,69570.5271487272
زفجر,وسنا,بدبینانه,خوشبینانه,1058401.6168757172,21550,4811.376412416321,10144112.791813057,13370,75772.19739575959,تخصیص,70960.82098334326
زفجر,وسنا,بدبینانه,خنثی,1058401.6168757172,21550,4811.376412416321,10027829.559984842,13370,74902.4649213526,تخصیص,70091.08850893629
زفجر,وسنا,بدبینانه,بدبینانه,1058401.6168757172,21550,4811.376412416321,9959821.176611565,13370,74393.80087218822,تخصیص,69582.4244597719
زفجر,کگاز,خوشبینانه,خوشبینانه,1065349.1836773085,21550,4843.615701518833,1894340.5236672417,28350,6581.97715579274,تخصیص,1738.361454273907
زفجر,کگاز,خوشبینانه,خنثی,1065349.1836773085,21550,4843.615701518833,1887525.742748277,28350,6557.939127859883,تخصیص,1714.3234263410504
زفجر,کگاز,خوشبینانه,بدبینانه,1065349.1836773085,21550,4843.615701518833,1883540.0018143454,28350,6543.880076946544,تخصیص,1700.2643754277115
زفجر,کگاز,خنثی,خوشبینانه,1060965.4874058499,21550,4823.27372346102,1894340.5236672417,28350,6581.97715579274,تخصیص,1758.7034323317193
زفجر,کگاز,خنثی,خنثی,1060965.4874058499,21550,4823.27372346102,1887525.742748277,28350,6557.939127859883,تخصیص,1734.6654043988628
زفجر,کگاز,خنثی,بدبینانه,1060965.4874058499,21550,4823.27372346102,1883540.0018143454,28350,6543.880076946544,تخصیص,1720.6063534855239
زفجر,کگاز,بدبینانه,خوشبینانه,1058401.6168757172,21550,4811.376412416321,1894340.5236672417,28350,6581.97715579274,تخصیص,1770.600743376419
زفجر,کگاز,بدبینانه,خنثی,1058401.6168757172,21550,4811.376412416321,1887525.742748277,28350,6557.939127859883,تخصیص,1746.5627154435624
زفجر,کگاز,بدبینانه,بدبینانه,1058401.6168757172,21550,4811.376412416321,1883540.0018143454,28350,6543.880076946544,تخصیص,1732.5036645302234
زفجر,تلیسه,خوشبینانه,خوشبینانه,1065349.1836773085,21550,4843.615701518833,1393739.1101969688,4320,32162.479402707613,تخصیص,27318.86370118878
زفجر,تلیسه,خوشبینانه,خنثی,1065349.1836773085,21550,4843.615701518833,1392861.1884179153,4320,32142.157139303596,تخصیص,27298.541437784763
زفجر,تلیسه,خوشبینانه,بدبینانه,1065349.1836773085,21550,4843.615701518833,1392347.7348559161,4320,32130.27164018324,تخصیص,27286.655938664408
زفجر,تلیسه,خنثی,خوشبینانه,1060965.4874058499,21550,4823.27372346102,1393739.1101969688,4320,32162.479402707613,تخصیص,27339.205679246592
زفجر,تلیسه,خنثی,خنثی,1060965.4874058499,21550,4823.27372346102,1392861.1884179153,4320,32142.157139303596,تخصیص,27318.883415842574
زفجر,تلیسه,خنثی,بدبینانه,1060965.4874058499,21550,4823.27372346102,1392347.7348559161,4320,32130.27164018324,تخصیص,27306.99791672222
زفجر,تلیسه,بدبینانه,خوشبینانه,1058401.6168757172,21550,4811.376412416321,1393739.1101969688,4320,32162.479402707613,تخصیص,27351.102990291292
زفجر,تلیسه,بدبینانه,خنثی,1058401.6168757172,21550,4811.376412416321,1392861.1884179153,4320,32142.157139303596,تخصیص,27330.780726887275
زفجر,تلیسه,بدبینانه,بدبینانه,1058401.6168757172,21550,4811.376412416321,1392347.7348559161,4320,32130.27164018324,تخصیص,27318.89522776692
کاوه,رنیک,خوشبینانه,خوشبینانه,27884899.116529223,3789,735843.4974011407,25864843.930113867,18620,138808.93625195418,نگهداری,-597034.5611491866
کاوه,رنیک,خوشبینانه,خنثی,27884899.116529223,3789,735843.4974011407,19537487.278860025,18620,104827.42899495181,نگهداری,-631016.068406189
کاوه,رنیک,خوشبینانه,بدبینانه,27884899.116529223,3789,735843.4974011407,15821834.778561147,18620,84872.25982041431,نگهداری,-650971.2375807264
کاوه,رنیک,خنثی,خوشبینانه,27884151.642010387,3789,735823.7699131799,25864843.930113867,18620,138808.93625195418,نگهداری,-597014.8336612257
کاوه,رنیک,خنثی,خنثی,27884151.642010387,3789,735823.7699131799,19537487.278860025,18620,104827.42899495181,نگهداری,-630996.3409182281
کاوه,رنیک,خنثی,بدبینانه,27884151.642010387,3789,735823.7699131799,15821834.778561147,18620,84872.25982041431,نگهداری,-650951.5100927656
کاوه,رنیک,بدبینانه,خوشبینانه,27883714.48094968,3789,735812.2322763178,25864843.930113867,18620,138808.93625195418,نگهداری,-597003.2960243636
کاوه,رنیک,بدبینانه,خنثی,27883714.48094968,3789,735812.2322763178,19537487.278860025,18620,104827.42899495181,نگهداری,-630984.803281366
کاوه,رنیک,بدبینانه,بدبینانه,27883714.48094968,3789,735812.2322763178,15821834.778561147,18620,84872.25982041431,نگهداری,-650939.9724559034
کاوه,قشیر,خوشبینانه,خوشبینانه,27884899.116529223,3789,735843.4974011407,307776.42186379083,8780,3405.426217127458,نگهداری,-732438.0711840133
کاوه,قشیر,خوشبینانه,خنثی,27884899.116529223,3789,735843.4974011407,307070.2883047056,8780,3397.3836936754624,نگهداری,-732446.1137074652
کاوه,قشیر,خوشبینانه,بدبینانه,27884899.116529223,3789,735843.4974011407,306657.2912491481,8780,3392.6798547738963,نگهداری,-732450.8175463668
کاوه,قشیر,خنثی,خوشبینانه,27884151.642010387,3789,735823.7699131799,307776.42186379083,8780,3405.426217127458,نگهداری,-732418.3436960524
کاوه,قشیر,خنثی,خنثی,27884151.642010387,3789,735823.7699131799,307070.2883047056,8780,3397.3836936754624,نگهداری,-732426.3862195044
کاوه,قشیر,خنثی,بدبینانه,27884151.642010387,3789,735823.7699131799,306657.2912491481,8780,3392.6798547738963,نگهداری,-732431.090058406
کاوه,قشیر,بدبینانه,خوشبینانه,27883714.48094968,3789,735812.2322763178,307776.42186379083,8780,3405.426217127458,نگهداری,-732406.8060591903
کاوه,قشیر,بدبینانه,خنثی,27883714.48094968,3789,735812.2322763178,307070.2883047056,8780,3397.3836936754624,نگهداری,-732414.8485826423
کاوه,قشیر,بدبینانه,بدبینانه,27883714.48094968,3789,735812.2322763178,306657.2912491481,8780,3392.6798547738963,نگهداری,-732419.5524215439
کاوه,زدشت,خوشبینانه,خوشبینانه,27884899.116529223,3789,735843.4974011407,1350631.4202563248,30450,4335.571166687438,نگهداری,-731507.9262344533
کاوه,زدشت,خوشبینانه,خنثی,27884899.116529223,3789,735843.4974011407,1344692.657272534,30450,4316.067839975481,نگهداری,-731527.4295611653
کاوه,زدشت,خوشبینانه,بدبینانه,27884899.116529223,3789,735843.4974011407,1341219.290286321,30450,4304.661051843418,نگهداری,-731538.8363492973
کاوه,زدشت,خنثی,خوشبینانه,27884151.642010387,3789,735823.7699131799,1350631.4202563248,30450,4335.571166687438,نگهداری,-731488.1987464925
کاوه,زدشت,خنثی,خنثی,27884151.642010387,3789,735823.7699131799,1344692.657272534,30450,4316.067839975481,نگهداری,-731507.7020732044
کاوه,زدشت,خنثی,بدبینانه,27884151.642010387,3789,735823.7699131799,1341219.290286321,30450,4304.661051843418,نگهداری,-731519.1088613365
کاوه,زدشت,بدبینانه,خوشبینانه,27883714.48094968,3789,735812.2322763178,1350631.4202563248,30450,4335.571166687438,نگهداری,-731476.6611096304
کاوه,زدشت,بدبینانه,خنثی,27883714.48094968,3789,735812.2322763178,1344692.657272534,30450,4316.067839975481,نگهداری,-731496.1644363423
کاوه,زدشت,بدبینانه,بدبینانه,27883714.48094968,3789,735812.2322763178,1341219.290286321,30450,4304.661051843418,نگهداری,-731507.5712244743
کاوه,وسنا,خوشبینانه,خوشبینانه,27884899.116529223,3789,735843.4974011407,10144112.791813057,13370,75772.19739575959,نگهداری,-660071.3000053811
کاوه,وسنا,خوشبینانه,خنثی,27884899.116529223,3789,735843.4974011407,10027829.559984842,13370,74902.4649213526,نگهداری,-660941.0324797882
کاوه,وسنا,خوشبینانه,بدبینانه,27884899.116529223,3789,735843.4974011407,9959821.176611565,13370,74393.80087218822,نگهداری,-661449.6965289526
کاوه,وسنا,خنثی,خوشبینانه,27884151.642010387,3789,735823.7699131799,10144112.791813057,13370,75772.19739575959,نگهداری,-660051.5725174203
کاوه,وسنا,خنثی,خنثی,27884151.642010387,3789,735823.7699131799,10027829.559984842,13370,74902.4649213526,نگهداری,-660921.3049918273
کاوه,وسنا,خنثی,بدبینانه,27884151.642010387,3789,735823.7699131799,9959821.176611565,13370,74393.80087218822,نگهداری,-661429.9690409917
کاوه,وسنا,بدبینانه,خوشبینانه,27883714.48094968,3789,735812.2322763178,10144112.791813057,13370,75772.19739575959,نگهداری,-660040.0348805581
کاوه,وسنا,بدبینانه,خنثی,27883714.48094968,3789,735812.2322763178,10027829.559984842,13370,74902.4649213526,نگهداری,-660909.7673549652
کاوه,وسنا,بدبینانه,بدبینانه,27883714.48094968,3789,735812.2322763178,9959821.176611565,13370,74393.80087218822,نگهداری,-661418.4314041296
کاوه,کگاز,خوشبینانه,خوشبینانه,27884899.116529223,3789,735843.4974011407,1894340.5236672417,28350,6581.97715579274,نگهداری,-729261.520245348
کاوه,کگاز,خوشبینانه,خنثی,27884899.116529223,3789,735843.4974011407,1887525.742748277,28350,6557.939127859883,نگهداری,-729285.5582732809
کاوه,کگاز,خوشبینانه,بدبینانه,27884899.116529223,3789,735843.4974011407,1883540.0018143454,28350,6543.880076946544,نگهداری,-729299.6173241942
کاوه,کگاز,خنثی,خوشبینانه,27884151.642010387,3789,735823.7699131799,1894340.5236672417,28350,6581.97715579274,نگهداری,-729241.7927573872
کاوه,کگاز,خنثی,خنثی,27884151.642010387,3789,735823.7699131799,1887525.742748277,28350,6557.939127859883,نگهداری,-729265.83078532
کاوه,کگاز,خنثی,بدبینانه,27884151.642010387,3789,735823.7699131799,1883540.0018143454,28350,6543.880076946544,نگهداری,-729279.8898362333
کاوه,کگاز,بدبینانه,خوشبینانه,27883714.48094968,3789,735812.2322763178,1894340.5236672417,28350,6581.97715579274,نگهداری,-729230.255120525
کاوه,کگاز,بدبینانه,خنثی,27883714.48094968,3789,735812.2322763178,1887525.742748277,28350,6557.939127859883,نگهداری,-729254.2931484579
کاوه,کگاز,بدبینانه,بدبینانه,27883714.48094968,3789,735812.2322763178,1883540.0018143454,28350,6543.880076946544,نگهداری,-729268.3521993712
کاوه,تلیسه,خوشبینانه,خوشبینانه,27884899.116529223,3789,735843.4974011407,1393739.1101969688,4320,32162.479402707613,نگهداری,-703681.0179984331
کاوه,تلیسه,خوشبینانه,خنثی,27884899.116529223,3789,735843.4974011407,1392861.1884179153,4320,32142.157139303596,نگهداری,-703701.3402618371
کاوه,تلیسه,خوشبینانه,بدبینانه,27884899.116529223,3789,735843.4974011407,1392347.7348559161,4320,32130.27164018324,نگهداری,-703713.2257609575
کاوه,تلیسه,خنثی,خوشبینانه,27884151.642010387,3789,735823.7699131799,1393739.1101969688,4320,32162.479402707613,نگهداری,-703661.2905104723
کاوه,تلیسه,خنثی,خنثی,27884151.642010387,3789,735823.7699131799,1392861.1884179153,4320,32142.157139303596,نگهداری,-703681.6127738763
کاوه,تلیسه,خنثی,بدبینانه,27884151.642010387,3789,735823.7699131799,1392347.7348559161,4320,32130.27164018324,نگهداری,-703693.4982729966
کاوه,تلیسه,بدبینانه,خوشبینانه,27883714.48094968,3789,735812.2322763178,1393739.1101969688,4320,32162.479402707613,نگهداری,-703649.7528736101
کاوه,تلیسه,بدبینانه,خنثی,27883714.48094968,3789,735812.2322763178,1392861.1884179153,4320,32142.157139303596,نگهداری,-703670.0751370142
کاوه,تلیسه,بدبینانه,بدبینانه,27883714.48094968,3789,735812.2322763178,1392347.7348559161,4320,32130.27164018324,نگهداری,-703681.9606361345
گکوثر,رنیک,خوشبینانه,خوشبینانه,2179163.4684104286,2237,97314.54932545501,25864843.930113867,18620,138808.93625195418,تخصیص,41494.386926499166
گکوثر,رنیک,خوشبینانه,خنثی,2179163.4684104286,2237,97314.54932545501,19537487.278860025,18620,104827.42899495181,تخصیص,7512.879669496804
گکوثر,رنیک,خوشبینانه,بدبینانه,2179163.4684104286,2237,97314.54932545501,15821834.778561147,18620,84872.25982041431,نگهداری,-12442.289505040695
گکوثر,رنیک,خنثی,خوشبینانه,1635666.628093287,2237,73018.75852003966,25864843.930113867,18620,138808.93625195418,تخصیص,65790.17773191452
گکوثر,رنیک,خنثی,خنثی,1635666.628093287,2237,73018.75852003966,19537487.278860025,18620,104827.42899495181,تخصیص,31808.670474912156
گکوثر,رنیک,خنثی,بدبینانه,1635666.628093287,2237,73018.75852003966,15821834.778561147,18620,84872.25982041431,تخصیص,11853.501300374657
گکوثر,رنیک,بدبینانه,خوشبینانه,1316888.1251443417,2237,58768.49017185256,25864843.930113867,18620,138808.93625195418,تخصیص,80040.44608010162
گکوثر,رنیک,بدبینانه,خنثی,1316888.1251443417,2237,58768.49017185256,19537487.278860025,18620,104827.42899495181,تخصیص,46058.938823099255
گکوثر,رنیک,بدبینانه,بدبینانه,1316888.1251443417,2237,58768.49017185256,15821834.778561147,18620,84872.25982041431,تخصیص,26103.769648561756
گکوثر,قشیر,خوشبینانه,خوشبینانه,2179163.4684104286,2237,97314.54932545501,307776.42186379083,8780,3405.426217127458,نگهداری,-93909.12310832755
گکوثر,قشیر,خوشبینانه,خنثی,2179163.4684104286,2237,97314.54932545501,307070.2883047056,8780,3397.3836936754624,نگهداری,-93917.16563177954
گکوثر,قشیر,خوشبینانه,بدبینانه,2179163.4684104286,2237,97314.54932545501,306657.2912491481,8780,3392.6798547738963,نگهداری,-93921.86947068111
گکوثر,قشیر,خنثی,خوشبینانه,1635666.628093287,2237,73018.75852003966,307776.42186379083,8780,3405.426217127458,نگهداری,-69613.3323029122
گکوثر,قشیر,خنثی,خنثی,1635666.628093287,2237,73018.75852003966,307070.2883047056,8780,3397.3836936754624,نگهداری,-69621.37482636419
گکوثر,قشیر,خنثی,بدبینانه,1635666.628093287,2237,73018.75852003966,306657.2912491481,8780,3392.6798547738963,نگهداری,-69626.07866526576
گکوثر,قشیر,بدبینانه,خوشبینانه,1316888.1251443417,2237,58768.49017185256,307776.42186379083,8780,3405.426217127458,نگهداری,-55363.0639547251
گکوثر,قشیر,بدبینانه,خنثی,1316888.1251443417,2237,58768.49017185256,307070.2883047056,8780,3397.3836936754624,نگهداری,-55371.1064781771
گکوثر,قشیر,بدبینانه,بدبینانه,1316888.1251443417,2237,58768.49017185256,306657.2912491481,8780,3392.6798547738963,نگهداری,-55375.81031707866
گکوثر,زدشت,خوشبینانه,خوشبینانه,2179163.4684104286,2237,97314.54932545501,1350631.4202563248,30450,4335.571166687438,نگهداری,-92978.97815876757
گکوثر,زدشت,خوشبینانه,خنثی,2179163.4684104286,2237,97314.54932545501,1344692.657272534,30450,4316.067839975481,نگهداری,-92998.48148547953
گکوثر,زدشت,خوشبینانه,بدبینانه,2179163.4684104286,2237,97314.54932545501,1341219.290286321,30450,4304.661051843418,نگهداری,-93009.88827361159
گکوثر,زدشت,خنثی,خوشبینانه,1635666.628093287,2237,73018.75852003966,1350631.4202563248,30450,4335.571166687438,نگهداری,-68683.18735335222
گکوثر,زدشت,خنثی,خنثی,1635666.628093287,2237,73018.75852003966,1344692.657272534,30450,4316.067839975481,نگهداری,-68702.69068006417
گکوثر,زدشت,خنثی,بدبینانه,1635666.628093287,2237,73018.75852003966,1341219.290286321,30450,4304.661051843418,نگهداری,-68714.09746819624
گکوثر,زدشت,بدبینانه,خوشبینانه,1316888.1251443417,2237,58768.49017185256,1350631.4202563248,30450,4335.571166687438,نگهداری,-54432.919005165124
گکوثر,زدشت,بدبینانه,خنثی,1316888.1251443417,2237,58768.49017185256,1344692.657272534,30450,4316.067839975481,نگهداری,-54452.422331877075
گکوثر,زدشت,بدبینانه,بدبینانه,1316888.1251443417,2237,58768.49017185256,1341219.290286321,30450,4304.661051843418,نگهداری,-54463.82912000914
گکوثر,وسنا,خوشبینانه,خوشبینانه,2179163.4684104286,2237,97314.54932545501,10144112.791813057,13370,75772.19739575959,نگهداری,-21542.35192969542
گکوثر,وسنا,خوشبینانه,خنثی,2179163.4684104286,2237,97314.54932545501,10027829.559984842,13370,74902.4649213526,نگهداری,-22412.08440410241
گکوثر,وسنا,خوشبینانه,بدبینانه,2179163.4684104286,2237,97314.54932545501,9959821.176611565,13370,74393.80087218822,نگهداری,-22920.748453266788
گکوثر,وسنا,خنثی,خوشبینانه,1635666.628093287,2237,73018.75852003966,10144112.791813057,13370,75772.19739575959,تخصیص,2753.438875719934
گکوثر,وسنا,خنثی,خنثی,1635666.628093287,2237,73018.75852003966,10027829.559984842,13370,74902.4649213526,تخصیص,1883.706401312942
گکوثر,وسنا,خنثی,بدبینانه,1635666.628093287,2237,73018.75852003966,9959821.176611565,13370,74393.80087218822,تخصیص,1375.0423521485645
گکوثر,وسنا,بدبینانه,خوشبینانه,1316888.1251443417,2237,58768.49017185256,10144112.791813057,13370,75772.19739575959,تخصیص,17003.707223907033
گکوثر,وسنا,بدبینانه,خنثی,1316888.1251443417,2237,58768.49017185256,10027829.559984842,13370,74902.4649213526,تخصیص,16133.974749500041
گکوثر,وسنا,بدبینانه,بدبینانه,1316888.1251443417,2237,58768.49017185256,9959821.176611565,13370,74393.80087218822,تخصیص,15625.310700335664
گکوثر,کگاز,خوشبینانه,خوشبینانه,2179163.4684104286,2237,97314.54932545501,1894340.5236672417,28350,6581.97715579274,نگهداری,-90732.57216966226
گکوثر,کگاز,خوشبینانه,خنثی,2179163.4684104286,2237,97314.54932545501,1887525.742748277,28350,6557.939127859883,نگهداری,-90756.61019759513
گکوثر,کگاز,خوشبینانه,بدبینانه,2179163.4684104286,2237,97314.54932545501,1883540.0018143454,28350,6543.880076946544,نگهداری,-90770.66924850846
گکوثر,کگاز,خنثی,خوشبینانه,1635666.628093287,2237,73018.75852003966,1894340.5236672417,28350,6581.97715579274,نگهداری,-66436.78136424691
گکوثر,کگاز,خنثی,خنثی,1635666.628093287,2237,73018.75852003966,1887525.742748277,28350,6557.939127859883,نگهداری,-66460.81939217978
گکوثر,کگاز,خنثی,بدبینانه,1635666.628093287,2237,73018.75852003966,1883540.0018143454,28350,6543.880076946544,نگهداری,-66474.87844309311
گکوثر,کگاز,بدبینانه,خوشبینانه,1316888.1251443417,2237,58768.49017185256,1894340.5236672417,28350,6581.97715579274,نگهداری,-52186.51301605982
گکوثر,کگاز,بدبینانه,خنثی,1316888.1251443417,2237,58768.49017185256,1887525.742748277,28350,6557.939127859883,نگهداری,-52210.55104399267
گکوثر,کگاز,بدبینانه,بدبینانه,1316888.1251443417,2237,58768.49017185256,1883540.0018143454,28350,6543.880076946544,نگهداری,-52224.61009490601
گکوثر,تلیسه,خوشبینانه,خوشبینانه,2179163.4684104286,2237,97314.54932545501,1393739.1101969688,4320,32162.479402707613,نگهداری,-65152.069922747396
گکوثر,تلیسه,خوشبینانه,خنثی,2179163.4684104286,2237,97314.54932545501,1392861.1884179153,4320,32142.157139303596,نگهداری,-65172.39218615141
گکوثر,تلیسه,خوشبینانه,بدبینانه,2179163.4684104286,2237,97314.54932545501,1392347.7348559161,4320,32130.27164018324,نگهداری,-65184.277685271765
گکوثر,تلیسه,خنثی,خوشبینانه,1635666.628093287,2237,73018.75852003966,1393739.1101969688,4320,32162.479402707613,نگهداری,-40856.279117332044
گکوثر,تلیسه,خنثی,خنثی,1635666.628093287,2237,73018.75852003966,1392861.1884179153,4320,32142.157139303596,نگهداری,-40876.60138073606
گکوثر,تلیسه,خنثی,بدبینانه,1635666.628093287,2237,73018.75852003966,1392347.7348559161,4320,32130.27164018324,نگهداری,-40888.48687985641
گکوثر,تلیسه,بدبینانه,خوشبینانه,1316888.1251443417,2237,58768.49017185256,1393739.1101969688,4320,32162.479402707613,نگهداری,-26606.010769144945
گکوثر,تلیسه,بدبینانه,خنثی,1316888.1251443417,2237,58768.49017185256,1392861.1884179153,4320,32142.157139303596,نگهداری,-26626.333032548962
گکوثر,تلیسه,بدبینانه,بدبینانه,1316888.1251443417,2237,58768.49017185256,1392347.7348559161,4320,32130.27164018324,نگهداری,-26638.218531669318
