نماد,قیمت فعلی,ارزش ذاتی,اختلاف %,وضعیت,توصیه,امتیاز بنیادی,روند
زفجر,"21,550","15,053",-30.2%,بیش‌ارزش‌گذاری متوسط ⚠️,نگهداری یا فروش,70/100,خنثی
کاوه,"3,789","2,719",-28.2%,بیش‌ارزش‌گذاری متوسط ⚠️,نگهداری یا فروش,60/100,صعودی قوی
گکوثر,"2,237","1,644",-26.5%,بیش‌ارزش‌گذاری متوسط ⚠️,نگهداری یا فروش,65/100,نزولی
رنیک,"18,620","5,411",-70.9%,بیش‌ارزش‌گذاری شدید ⚠️,فروش,45/100,صعودی قوی
قشیر,"8,780","3,343",-61.9%,بیش‌ارزش‌گذاری شدید ⚠️,فروش,70/100,نزولی
زدشت,"30,450","19,121",-37.2%,بیش‌ارزش‌گذاری متوسط ⚠️,نگهداری یا فروش,65/100,نزولی
وسنا,"13,370","2,049",-84.7%,بیش‌ارزش‌گذاری شدید ⚠️,فروش,25/100,نزولی
کگاز,"28,350","24,170",-14.7%,بیش‌ارزش‌گذاری جزئی,نگهداری,60/100,خنثی
تلیسه,"4,320","2,591",-40.0%,بیش‌ارزش‌گذاری شدید ⚠️,فروش,45/100,صعودی قوی
